ID,AGE,INCOME,GENDER,MARITAL,NUMKIDS,NUMCARDS,HOWPAID,MORTGAGE,STORECAR,LOANS,RISK
100756,44,59944,m,married,1,2,monthly,y,2,0,good risk
100668,,59692,m,married,1,1,monthly,y,1,0,bad loss
100418,34,59508,m,married,1,1,monthly,y,2,1,good risk
100416,34,59463,m,married,0,2,monthly,y,1,1,bad loss
100590,39,59393,,married,0,2,monthly,y,1,0,good risk
100657,41,59276,m,married,1,2,monthly,y,1,1,good risk
100702,42,59201,m,married,0,1,monthly,y,2,0,good risk
100319,31,59193,f,married,1,2,monthly,y,1,1,good risk
100666,28,59179,m,married,1,1,monthly,y,2,1,bad loss
100389,,59036,m,married,1,1,monthly,y,2,1,good risk
100698,42,58785,f,married,0,2,monthly,y,1,0,good risk
100769,44,58529,m,married,0,1,monthly,y,1,0,bad loss
100376,33,58505,f,married,0,2,monthly,y,1,0,good risk
100796,45,58381,m,married,1,1,monthly,y,1,0,good risk
100414,34,58026,m,married,0,1,monthly,y,2,0,good risk
100452,35,57689,m,married,1,1,monthly,y,2,1,good risk
100567,38,57683,f,married,1,1,monthly,y,2,1,bad loss
100728,28,57623,m,married,1,1,monthly,y,1,1,bad loss
100725,43,57598,f,married,1,1,monthly,y,1,1,good risk
100665,41,57520,f,married,1,1,monthly,y,1,0,bad loss
100730,43,57388,f,married,0,1,monthly,y,1,0,bad loss
100766,44,57376,m,married,0,2,monthly,y,2,1,good risk
100524,37,57004,f,married,1,1,monthly,y,2,0,good risk
100374,33,56849,m,married,1,1,monthly,y,1,1,good risk
100566,38,56590,m,married,0,2,monthly,y,1,0,bad loss
100591,39,56523,m,married,1,1,monthly,y,2,0,good risk
100670,41,56470,m,married,0,2,monthly,y,1,0,bad loss
100326,31,55897,m,married,1,2,monthly,y,2,0,good risk
100497,36,55777,f,married,1,2,monthly,y,2,0,bad loss
100568,38,55752,m,married,0,2,monthly,y,2,1,good risk
100294,30,55642,f,married,1,2,monthly,y,1,0,good risk
100570,38,55565,m,married,1,2,monthly,y,1,0,good risk
100347,,55554,f,married,0,1,monthly,y,1,0,good risk
100494,36,55421,m,married,0,2,monthly,y,2,0,good risk
100601,39,55215,m,married,0,2,monthly,y,2,0,good risk
100700,42,55140,m,married,1,2,monthly,y,1,0,good risk
100563,38,55112,m,married,1,2,monthly,y,2,1,good risk
100486,36,54938,m,married,0,2,monthly,y,1,0,good risk
100348,32,54792,m,married,1,1,monthly,y,2,0,good risk
100672,41,54777,m,married,1,2,monthly,y,1,1,good risk
100629,28,54671,m,married,0,2,monthly,y,1,0,good risk
100386,33,54603,f,married,1,2,monthly,y,1,1,good risk
100757,44,54451,m,married,0,1,monthly,y,2,1,good risk
100383,33,54013,f,married,0,1,monthly,y,2,0,good risk
100795,45,53842,,married,0,2,monthly,y,1,0,good risk
100415,34,53791,m,married,0,1,monthly,y,1,1,good risk
100597,39,53731,m,married,0,2,monthly,y,2,1,good risk
100794,45,53704,m,married,1,2,monthly,y,2,1,good risk
100755,44,53660,f,married,1,1,monthly,y,1,1,good risk
100390,33,53559,f,married,1,2,monthly,y,1,0,good risk
100345,32,53552,f,married,0,2,monthly,y,1,1,good risk
100753,44,53550,m,married,1,1,monthly,y,1,1,bad loss
100694,42,53307,m,married,0,2,monthly,y,1,1,bad loss
100448,35,53201,m,married,0,1,monthly,y,2,0,good risk
100384,33,53195,m,married,1,2,monthly,y,1,1,good risk
100630,40,53180,f,married,1,2,monthly,y,1,0,good risk
100381,33,53115,f,married,0,2,monthly,y,1,0,bad loss
100761,44,53102,m,married,1,1,monthly,y,1,0,good risk
100626,38,52887,m,married,0,2,monthly,y,2,0,good risk
100768,44,52772,m,married,1,2,monthly,y,2,1,good risk
100295,30,52725,m,married,0,2,monthly,y,1,0,good risk
100526,37,52545,f,married,1,1,monthly,y,2,0,good risk
100599,39,52495,f,married,1,2,monthly,y,1,1,good risk
100377,33,51945,f,married,1,1,monthly,y,1,1,good risk
100767,44,51724,m,married,1,1,monthly,y,2,1,bad loss
100697,26,51561,m,married,0,2,monthly,y,1,0,good risk
100765,44,51498,m,married,0,1,monthly,y,2,1,bad loss
100797,45,51385,f,married,0,1,monthly,y,2,0,good risk
100419,34,51219,m,married,0,2,monthly,y,2,1,good risk
100662,37,50833,m,married,1,1,monthly,y,2,1,good risk
100375,33,50808,f,married,1,2,monthly,y,2,0,bad loss
100490,36,50799,m,married,1,2,monthly,y,1,0,good risk
100664,33,50631,f,married,0,2,monthly,y,1,0,good risk
100793,45,50552,m,married,0,1,monthly,y,2,0,good risk
100493,36,50515,f,married,0,1,monthly,y,1,1,good risk
100593,39,50445,m,married,0,1,monthly,y,2,1,bad loss
100535,37,49988,f,married,1,2,monthly,y,2,0,good risk
100799,45,49866,f,married,0,1,monthly,y,1,0,good risk
100660,41,49850,m,married,0,2,monthly,y,1,1,good risk
100731,43,49789,f,married,0,2,monthly,y,1,0,good risk
100344,32,49745,m,married,0,1,monthly,y,2,1,bad loss
100373,33,49678,m,married,0,2,monthly,y,1,0,good risk
100622,35,49600,m,married,1,2,monthly,y,2,1,good risk
100594,39,49529,f,married,1,1,monthly,y,2,0,good risk
100705,42,49485,m,married,1,1,monthly,y,1,1,good risk
100605,39,49415,m,married,0,1,monthly,y,1,0,good risk
100487,36,49409,m,married,1,2,monthly,y,1,1,good risk
100382,33,49008,f,married,1,2,monthly,y,2,0,good risk
100532,37,48931,m,married,1,2,monthly,y,2,0,bad loss
100802,45,48607,f,married,1,2,monthly,y,2,1,good risk
100388,33,48511,m,married,0,1,monthly,y,1,0,good risk
100693,42,48414,m,married,1,2,monthly,y,1,0,good risk
100293,30,48336,m,married,1,2,monthly,y,2,0,bad loss
100489,36,48084,m,married,0,2,monthly,y,2,1,good risk
100527,37,48061,f,married,1,2,monthly,y,1,0,good risk
100411,34,47833,m,married,1,1,monthly,y,1,0,bad loss
100495,36,47734,m,married,0,2,monthly,y,1,1,good risk
100732,43,47623,f,married,0,2,monthly,y,2,1,bad loss
100422,34,47623,m,married,0,1,monthly,y,2,1,good risk
100661,41,47568,f,married,0,2,monthly,y,2,1,good risk
100539,37,47470,f,married,1,1,monthly,y,1,0,good risk
100499,36,47422,f,married,0,2,monthly,y,1,1,bad loss
100595,39,47161,m,married,1,2,monthly,y,1,1,good risk
100798,29,47111,m,married,0,2,monthly,y,2,1,good risk
100456,35,47026,m,married,1,2,monthly,y,1,0,good risk
100596,39,47019,m,married,0,1,monthly,y,1,1,good risk
100706,42,46965,f,married,1,1,monthly,y,2,1,good risk
100323,31,46955,m,married,0,2,monthly,y,2,1,good risk
100451,35,46949,f,married,0,2,monthly,y,1,1,good risk
100565,38,46823,m,married,0,1,monthly,y,1,1,good risk
100458,35,46645,m,married,1,1,monthly,y,2,0,bad loss
100701,42,46501,f,married,1,2,monthly,y,1,1,good risk
100569,38,46168,f,married,1,1,monthly,y,2,1,good risk
100707,42,46119,m,married,1,1,monthly,y,2,0,good risk
100625,40,45993,f,married,1,2,monthly,y,1,0,bad loss
100468,36,45970,m,married,0,1,monthly,y,1,0,good risk
100579,39,45904,f,married,1,1,monthly,y,1,0,good risk
100453,35,45869,f,married,0,2,monthly,y,1,1,good risk
100516,37,45849,m,married,1,2,monthly,y,2,1,bad loss
100581,39,45841,f,married,1,2,monthly,y,1,0,bad loss
100338,32,45813,f,married,1,1,monthly,y,1,0,bad loss
100282,30,45715,m,married,0,2,monthly,y,1,1,good risk
100273,30,45706,f,married,0,2,monthly,y,1,1,good risk
100343,32,45687,m,married,1,2,monthly,y,2,1,good risk
100485,36,45673,m,married,0,1,monthly,y,2,0,good risk
100472,36,45659,f,married,0,1,monthly,y,2,1,good risk
100688,42,45654,m,married,0,2,monthly,y,1,0,good risk
100512,37,45621,m,married,0,1,monthly,y,1,0,good risk
100679,42,45584,f,married,1,1,monthly,y,1,0,good risk
100683,29,45549,m,married,1,1,monthly,y,2,0,good risk
100600,39,45537,m,married,0,2,monthly,y,1,1,good risk
100618,40,45463,m,married,0,2,monthly,y,2,1,good risk
100763,44,45452,f,married,1,1,monthly,y,1,1,good risk
100536,37,45450,f,married,0,1,monthly,y,2,0,bad loss
100558,38,45419,f,married,0,2,monthly,y,1,0,bad loss
100722,43,45390,f,married,0,2,monthly,y,2,0,good risk
100703,42,45368,f,married,0,2,monthly,y,2,1,good risk
100587,39,45246,f,married,0,1,monthly,y,1,1,bad loss
100718,43,45240,m,married,0,2,monthly,y,1,1,bad loss
100449,35,45238,f,married,0,2,monthly,y,1,1,good risk
100716,31,45217,m,married,1,2,monthly,y,1,1,good risk
100330,32,45217,m,married,0,1,monthly,y,1,0,good risk
100337,32,45209,m,married,1,2,monthly,y,2,0,good risk
100746,44,45194,m,married,1,2,monthly,y,2,1,bad loss
100505,37,45153,f,married,0,2,monthly,y,1,1,good risk
100365,33,45115,f,married,1,2,monthly,y,2,1,good risk
100562,38,45103,f,married,0,1,monthly,y,2,1,good risk
100537,37,45081,f,married,0,2,monthly,y,1,1,good risk
100430,35,45066,m,married,0,1,monthly,y,1,1,good risk
100284,30,45049,m,married,1,2,monthly,y,1,1,good risk
100394,34,44997,f,married,0,1,monthly,y,2,1,good risk
100288,30,44956,f,married,0,2,monthly,y,1,1,bad loss
100691,42,44898,m,married,1,1,monthly,y,2,0,good risk
100334,32,44895,f,married,1,2,monthly,y,1,1,bad loss
100602,39,44892,m,married,1,2,monthly,y,1,0,good risk
100403,34,44831,m,married,1,1,monthly,y,2,1,good risk
100764,44,44787,m,married,1,2,monthly,y,2,0,good risk
100329,32,44781,m,married,1,1,monthly,y,1,0,good risk
100440,35,44772,m,married,1,1,monthly,y,2,0,bad loss
100279,30,44756,f,married,1,1,monthly,y,2,1,good risk
100620,40,44705,f,married,1,1,monthly,y,1,0,good risk
100402,34,44684,f,married,1,1,monthly,y,1,1,good risk
100720,43,44682,f,married,0,1,monthly,y,2,1,good risk
100627,40,44671,f,married,1,2,monthly,y,2,1,good risk
100399,34,44617,f,married,1,2,monthly,y,2,1,good risk
100361,33,44613,m,married,0,2,monthly,y,2,0,good risk
100676,42,44597,f,married,1,2,monthly,y,1,0,bad loss
100641,41,44534,m,married,0,2,monthly,y,2,0,good risk
100580,39,44477,f,married,0,1,monthly,y,1,0,good risk
100549,38,44460,m,married,0,1,monthly,y,1,1,good risk
100496,36,44449,m,married,1,1,monthly,y,1,0,good risk
100534,37,44413,m,married,0,2,monthly,y,1,0,good risk
100752,29,44395,m,married,1,2,monthly,y,1,1,good risk
100521,37,44394,m,married,1,1,monthly,y,2,0,good risk
100586,39,44378,f,married,1,2,monthly,y,2,0,good risk
100533,37,44363,m,married,0,1,monthly,y,1,1,good risk
100476,36,44318,m,married,1,1,monthly,y,1,0,good risk
100615,27,44298,f,married,0,2,monthly,y,2,0,good risk
100781,45,44294,m,married,1,2,monthly,y,1,1,good risk
100548,38,44272,f,married,0,1,monthly,y,1,1,good risk
100442,35,44271,f,married,0,1,monthly,y,1,1,good risk
100682,42,44270,f,married,0,2,monthly,y,2,1,good risk
100784,45,44261,m,married,0,1,monthly,y,1,1,good risk
100432,35,44202,f,married,0,2,monthly,y,2,0,good risk
100280,30,44202,m,married,1,2,monthly,y,1,0,good risk
100445,35,44194,m,married,0,2,monthly,y,2,1,good risk
100363,33,44193,f,married,1,1,monthly,y,1,0,good risk
100398,34,44187,f,married,1,1,monthly,y,2,0,good risk
100417,34,44159,m,married,1,1,monthly,y,2,0,bad loss
100503,37,44095,f,married,0,1,monthly,y,1,0,good risk
100360,33,44052,f,married,0,2,monthly,y,1,0,good risk
100465,36,44048,m,married,1,1,monthly,y,2,0,good risk
100635,41,44039,f,married,1,2,monthly,y,2,1,good risk
100585,39,44010,f,married,0,2,monthly,y,2,1,good risk
100407,34,43989,m,married,0,1,monthly,y,2,1,good risk
100522,37,43982,m,married,1,2,monthly,y,2,0,good risk
100696,42,43977,m,married,0,1,monthly,y,2,1,good risk
100510,37,43976,f,married,0,2,monthly,y,2,0,good risk
100409,34,43957,f,married,1,2,monthly,y,2,1,good risk
100353,32,43908,f,married,0,1,monthly,y,1,0,bad loss
100424,34,43895,f,married,0,1,monthly,y,1,1,bad loss
100444,35,43888,m,married,0,1,monthly,y,2,1,bad loss
100443,35,43874,m,married,0,2,monthly,y,1,1,bad loss
100785,45,43823,m,married,1,2,monthly,y,2,1,bad loss
100506,37,43820,m,married,1,2,monthly,y,1,0,good risk
100283,30,43800,m,married,1,2,monthly,y,1,0,good risk
100454,35,43799,m,married,1,1,monthly,y,2,0,good risk
100760,44,43794,f,married,0,2,monthly,y,2,0,good risk
100477,36,43761,f,married,0,1,monthly,y,1,0,bad loss
100473,36,43750,m,married,1,1,monthly,y,2,1,good risk
100642,41,43739,m,married,1,1,monthly,y,2,1,bad loss
100551,38,43707,f,married,1,1,monthly,y,2,0,good risk
100721,43,43669,m,married,1,1,monthly,y,1,0,good risk
100704,42,43651,f,married,1,2,monthly,y,2,1,good risk
100306,31,43650,m,married,0,1,monthly,y,1,0,good risk
100645,41,43648,f,married,1,1,monthly,y,2,1,good risk
100367,33,43645,m,married,0,2,monthly,y,1,0,good risk
100614,40,43622,f,married,0,1,monthly,y,1,1,good risk
100272,30,43593,m,married,0,1,monthly,y,2,0,good risk
100598,39,43514,f,married,1,2,monthly,y,1,0,good risk
100368,33,43474,m,married,0,1,monthly,y,1,1,good risk
100519,37,43408,f,married,0,2,monthly,y,2,0,bad loss
100589,39,43362,f,married,0,2,monthly,y,1,1,good risk
100530,37,43303,m,married,0,2,monthly,y,2,1,good risk
100640,41,43293,f,married,0,1,monthly,y,1,1,good risk
100342,32,43202,m,married,1,1,monthly,y,1,1,good risk
100739,44,43185,f,married,1,1,monthly,y,2,0,good risk
100321,31,43185,f,married,0,2,monthly,y,2,0,good risk
100789,45,43151,f,married,0,1,monthly,y,1,1,good risk
100410,34,43100,f,married,1,1,monthly,y,1,1,good risk
100431,35,43098,f,married,0,2,monthly,y,1,1,good risk
100316,31,43043,f,married,1,1,monthly,y,1,1,bad loss
100663,41,42996,m,married,1,2,monthly,y,2,1,good risk
100564,38,42996,f,married,0,1,monthly,y,1,1,good risk
100471,36,42980,f,married,0,1,monthly,y,1,0,good risk
100552,38,42953,m,married,1,2,monthly,y,1,0,good risk
100290,30,42926,m,married,0,1,monthly,y,1,0,good risk
100646,41,42904,m,married,1,1,monthly,y,2,0,good risk
100750,30,42899,m,married,1,1,monthly,y,1,1,bad loss
100517,37,42884,m,married,0,1,monthly,y,2,0,good risk
100547,38,42874,m,married,1,2,monthly,y,1,1,good risk
100317,31,42852,m,married,0,1,monthly,y,2,1,good risk
100420,34,42828,f,married,1,1,monthly,y,1,0,bad loss
100518,37,42799,f,married,0,1,monthly,y,1,0,bad loss
100654,38,42772,f,married,0,2,monthly,y,2,0,good risk
100678,27,42663,f,married,0,2,monthly,y,2,1,good risk
100651,41,42658,f,married,1,2,monthly,y,2,0,good risk
100582,39,42652,m,married,0,1,monthly,y,1,1,good risk
100576,39,42574,f,married,0,2,monthly,y,2,0,good risk
100613,40,42544,f,married,0,2,monthly,y,2,0,good risk
100480,36,42522,m,married,0,2,monthly,y,2,0,good risk
100308,31,42471,f,married,1,2,monthly,y,2,1,good risk
100791,45,42464,m,married,0,2,monthly,y,1,1,good risk
100658,41,42443,f,married,1,2,monthly,y,2,1,good risk
100742,44,42440,m,married,1,1,monthly,y,1,0,bad loss
100331,32,42438,m,married,0,1,monthly,y,1,0,good risk
100686,29,42429,m,married,1,2,monthly,y,2,1,bad loss
100474,36,42422,m,married,0,1,monthly,y,2,0,good risk
100751,44,42412,m,married,1,2,monthly,y,1,0,good risk
100332,32,42389,m,married,0,1,monthly,y,2,0,good risk
100546,38,42386,m,married,1,1,monthly,y,2,0,good risk
100482,36,42356,f,married,0,2,monthly,y,1,0,good risk
100779,45,42334,f,married,0,1,monthly,y,1,0,good risk
100387,33,42313,m,married,1,1,monthly,y,2,0,good risk
100649,41,42241,f,married,0,2,monthly,y,2,0,good risk
100371,33,42234,m,married,1,2,monthly,y,2,1,bad loss
100680,42,42231,m,married,1,2,monthly,y,2,1,good risk
100318,31,42210,f,married,0,2,monthly,y,1,1,bad loss
100408,34,42206,m,married,1,1,monthly,y,1,0,good risk
100362,33,42192,f,married,1,2,monthly,y,1,0,good risk
100647,41,42182,m,married,1,2,monthly,y,2,1,good risk
100479,36,42175,m,married,0,1,monthly,y,1,1,good risk
100313,31,42175,m,married,1,1,monthly,y,1,1,good risk
100289,30,42169,f,married,0,2,monthly,y,2,1,good risk
100276,30,42144,f,married,1,2,monthly,y,2,1,good risk
100617,40,42143,m,married,0,2,monthly,y,2,0,bad loss
100281,30,42119,m,married,0,1,monthly,y,1,1,good risk
100550,38,42110,f,married,1,2,monthly,y,1,0,good risk
100714,43,42106,f,married,0,1,monthly,y,2,0,good risk
100560,38,42096,m,married,1,1,monthly,y,1,0,good risk
100498,36,42091,f,married,0,1,monthly,y,1,0,good risk
100747,44,42078,m,married,0,2,monthly,y,2,1,good risk
100525,37,42024,f,married,1,2,monthly,y,2,0,good risk
100299,30,41965,f,married,1,1,monthly,y,2,0,bad loss
100636,41,41964,,married,0,2,monthly,y,1,1,good risk
100291,30,41935,m,married,0,2,monthly,y,2,0,good risk
100340,32,41921,m,married,0,1,monthly,y,2,0,good risk
100339,32,41879,m,married,0,1,monthly,y,2,0,good risk
100643,41,41859,m,married,1,2,monthly,y,1,1,good risk
100557,38,41851,f,married,0,1,monthly,y,1,1,good risk
100433,35,41850,f,married,1,2,monthly,y,2,1,good risk
100464,36,41834,m,married,0,1,monthly,y,2,0,good risk
100455,35,41793,m,married,0,2,monthly,y,1,0,good risk
100305,31,41777,m,married,1,1,monthly,y,1,1,good risk
100475,36,41767,m,married,0,2,monthly,y,1,0,good risk
100762,44,41750,f,married,0,1,monthly,y,2,0,good risk
100438,35,41735,f,married,0,1,monthly,y,1,0,good risk
100483,36,41725,m,married,0,2,monthly,y,2,1,good risk
100397,34,41704,f,married,0,2,monthly,y,1,1,good risk
100788,45,41676,f,married,1,2,monthly,y,1,0,bad loss
100441,35,41676,f,married,1,2,monthly,y,2,0,good risk
100274,30,41639,m,married,1,2,monthly,y,1,0,good risk
100372,33,41631,f,married,1,1,monthly,y,1,1,good risk
100413,34,41629,m,married,1,2,monthly,y,2,1,good risk
100278,30,41624,m,married,0,2,monthly,y,1,1,good risk
100406,34,41552,f,married,1,2,monthly,y,1,0,good risk
100309,31,41513,f,married,1,2,monthly,y,1,1,good risk
100359,33,41489,m,married,1,1,monthly,y,2,1,good risk
100366,33,41483,f,married,1,2,monthly,y,1,0,good risk
100304,31,41421,f,married,0,2,monthly,y,1,1,bad loss
100719,31,41315,f,married,0,1,monthly,y,1,0,good risk
100349,32,41300,f,married,0,2,monthly,y,2,0,good risk
100513,37,41283,m,married,0,2,monthly,y,2,1,good risk
100277,30,41281,m,married,0,1,monthly,y,1,1,good risk
100275,30,41270,f,married,1,1,monthly,y,1,1,good risk
100437,35,41248,m,married,1,2,monthly,y,2,1,bad loss
100404,34,41223,m,married,0,2,monthly,y,2,1,good risk
100616,40,41205,f,married,0,2,monthly,y,1,1,good risk
100637,41,41178,f,married,1,1,monthly,y,2,1,good risk
100315,31,41169,f,married,1,2,monthly,y,1,1,good risk
100638,41,41168,m,married,1,2,monthly,y,1,1,bad loss
100395,34,41159,m,married,0,2,monthly,y,2,0,good risk
100457,35,41132,f,married,0,2,monthly,y,2,1,good risk
100639,41,41095,f,married,0,1,monthly,y,2,0,good risk
100783,45,41091,m,married,0,2,monthly,y,2,1,good risk
100478,36,41086,m,married,1,1,monthly,y,1,1,good risk
100314,31,41083,f,married,0,2,monthly,y,1,1,good risk
100287,30,41068,m,married,1,1,monthly,y,2,1,good risk
100740,44,41048,m,married,0,1,monthly,y,1,1,good risk
100434,35,40992,m,married,1,2,monthly,y,2,0,good risk
100508,37,40991,m,married,1,2,monthly,y,1,0,bad loss
100652,41,40983,f,married,1,1,monthly,y,1,0,bad loss
100400,34,40971,f,married,0,1,monthly,y,2,1,good risk
100577,39,40964,m,married,1,1,monthly,y,2,1,good risk
100514,37,40949,f,married,1,2,monthly,y,2,0,good risk
100391,34,40949,f,married,0,2,monthly,y,1,1,good risk
100685,42,40940,f,married,1,2,monthly,y,1,1,bad loss
100364,33,40940,m,married,1,2,monthly,y,1,1,good risk
100370,33,40918,f,married,1,1,monthly,y,1,0,good risk
100610,40,40912,m,married,0,1,monthly,y,1,0,good risk
100435,35,40909,f,married,0,1,monthly,y,2,0,good risk
100800,27,40906,m,married,1,2,monthly,y,1,0,good risk
100544,38,40904,m,married,0,2,monthly,y,2,1,good risk
100504,37,40875,m,married,0,1,monthly,y,2,0,good risk
100467,36,40866,m,married,1,2,monthly,y,1,1,good risk
100611,40,40855,f,married,0,1,monthly,y,2,1,good risk
100336,32,40782,f,married,0,2,monthly,y,2,0,good risk
100584,39,40693,m,married,0,2,monthly,y,2,0,bad loss
100667,30,40658,f,married,0,1,monthly,y,2,0,good risk
100307,31,40653,f,married,0,2,monthly,y,1,0,good risk
100687,36,40645,f,married,1,2,monthly,y,2,0,bad loss
100619,40,40645,f,married,1,2,monthly,y,1,0,good risk
100333,32,40636,f,married,1,1,monthly,y,2,1,good risk
100748,44,40626,f,married,1,2,monthly,y,1,1,bad loss
100689,27,40626,m,married,1,2,monthly,y,1,0,good risk
100787,45,40609,m,married,1,1,monthly,y,2,0,good risk
100555,38,40605,f,married,1,2,monthly,y,1,0,good risk
100312,31,40592,f,married,1,1,monthly,y,1,0,good risk
100341,32,40543,f,married,1,1,monthly,y,1,0,bad loss
100351,32,40526,m,married,1,1,monthly,y,1,1,good risk
100446,35,40507,m,married,1,1,monthly,y,2,1,good risk
100801,45,40473,f,married,1,1,monthly,y,1,1,good risk
100726,43,40460,f,married,1,2,monthly,y,2,1,good risk
100515,37,40446,m,married,0,2,monthly,y,2,1,bad loss
100713,30,40438,m,married,1,2,monthly,y,1,1,good risk
100545,38,40437,f,married,1,1,monthly,y,1,1,good risk
100738,44,40425,m,married,0,1,monthly,y,1,1,bad loss
100538,37,40398,m,married,0,2,monthly,y,2,1,good risk
100743,44,40390,m,married,0,1,monthly,y,1,1,bad loss
100401,34,40340,m,married,0,2,monthly,y,1,1,good risk
100583,39,40335,m,married,1,2,monthly,y,2,0,good risk
100466,36,40326,f,married,0,2,monthly,y,1,1,good risk
100297,30,40263,m,married,0,2,monthly,y,2,1,good risk
100648,41,40246,m,married,0,1,monthly,y,2,1,bad loss
100469,36,40204,f,married,0,2,monthly,y,1,1,good risk
100335,32,40187,f,married,1,2,monthly,y,2,1,good risk
100692,42,40182,m,married,1,1,monthly,y,2,1,good risk
100528,37,40179,f,married,0,1,monthly,y,1,0,good risk
100690,42,40176,m,married,1,2,monthly,y,2,0,bad loss
100554,38,40171,f,married,0,2,monthly,y,2,0,good risk
100655,41,40100,f,married,1,1,monthly,y,2,0,good risk
100575,39,40057,m,married,0,1,monthly,y,1,1,bad loss
100509,37,40020,m,married,1,2,monthly,y,2,0,bad loss
100178,38,39925,m,single,0,1,monthly,y,2,0,bad loss
100459,36,39899,f,married,0,2,monthly,y,1,0,good risk
100355,33,39859,f,married,0,2,monthly,y,2,1,good risk
100301,31,39696,m,married,0,1,monthly,y,1,0,bad loss
100105,33,39676,m,single,0,0,monthly,y,2,0,good risk
100061,29,39476,f,single,0,0,monthly,y,1,0,good risk
100177,38,39446,m,single,0,0,monthly,y,2,0,good risk
100778,32,39416,f,married,1,1,monthly,y,2,1,good risk
100255,28,39379,f,single,0,0,monthly,y,2,0,good risk
100191,39,39326,f,single,0,1,monthly,y,0,0,good risk
100428,35,39277,f,married,0,1,monthly,y,1,1,good risk
100134,35,39207,m,single,0,1,monthly,y,2,0,good risk
100572,39,39188,m,married,0,2,monthly,y,1,0,good risk
100047,28,39121,f,single,0,0,monthly,y,2,0,good risk
100776,45,39087,f,married,1,2,monthly,y,1,1,good risk
100146,36,39028,f,single,0,0,monthly,y,2,0,bad loss
100243,43,38858,f,single,0,0,monthly,y,1,0,good risk
100106,33,38677,m,single,0,0,monthly,y,0,0,good risk
100710,29,38654,f,married,1,1,monthly,y,1,0,good risk
100327,32,38537,f,married,1,1,monthly,y,1,0,good risk
100257,29,38097,m,single,0,1,monthly,y,2,0,good risk
100268,45,37895,f,single,0,1,monthly,y,0,0,good risk
100119,34,37885,m,single,0,1,monthly,y,1,0,bad loss
100675,42,37837,m,married,1,2,monthly,y,2,1,good risk
100501,37,37810,f,married,1,2,monthly,y,1,0,bad loss
100144,36,37613,f,single,0,0,monthly,y,2,0,good risk
100015,25,37571,f,single,0,1,monthly,y,0,0,good risk
100175,38,37533,f,single,0,1,monthly,y,2,0,good risk
100269,37,37520,m,single,0,1,monthly,y,1,0,good risk
100145,36,37476,m,single,0,0,monthly,y,1,0,good risk
100130,35,37394,f,single,0,0,monthly,y,0,0,good risk
100235,42,37367,m,single,0,1,monthly,y,2,0,good risk
100260,29,37282,m,single,0,0,monthly,y,1,0,good risk
100118,34,37062,f,single,0,1,monthly,y,2,0,bad loss
100196,39,36972,f,single,0,1,monthly,y,0,0,good risk
100048,28,36893,m,single,0,1,monthly,y,0,0,bad loss
100224,41,36873,f,single,0,1,monthly,y,0,0,good risk
100772,27,36852,f,married,0,2,monthly,y,1,0,good risk
100153,37,36487,m,single,0,1,monthly,y,1,0,good risk
100267,45,36358,f,single,0,1,monthly,y,2,0,good risk
100076,30,36356,f,single,0,1,monthly,y,1,0,bad loss
100270,45,36276,f,single,0,1,monthly,y,2,0,good risk
100709,43,36255,m,married,0,2,monthly,y,2,1,good risk
100092,32,36167,m,single,0,0,monthly,y,0,0,good risk
100253,44,36163,f,single,0,1,monthly,y,1,0,bad loss
100221,41,36154,f,single,0,1,monthly,y,2,0,bad loss
100356,33,36062,m,married,1,1,monthly,y,2,0,good risk
100300,31,36036,f,married,0,2,monthly,y,1,1,good risk
100038,27,35973,f,single,0,0,monthly,y,0,0,bad loss
100037,27,35967,f,single,0,0,monthly,y,1,0,good risk
100028,26,35922,m,single,0,1,monthly,y,2,0,good risk
100131,35,35875,f,single,0,1,monthly,y,0,0,good risk
100107,33,35838,f,single,0,1,monthly,y,0,0,good risk
100328,32,35616,f,married,0,1,monthly,y,1,0,good risk
100094,32,35465,f,single,0,1,monthly,y,1,0,good risk
100233,42,35407,f,single,0,1,monthly,y,0,0,good risk
100176,38,35193,f,single,0,0,monthly,y,2,0,good risk
100775,45,35188,f,married,1,1,monthly,y,2,1,good risk
100129,35,35172,m,single,0,1,monthly,y,0,0,good risk
100223,41,35117,m,single,0,1,monthly,y,1,0,good risk
100200,40,34995,f,single,0,0,monthly,y,2,0,bad loss
100254,31,34845,m,single,0,1,monthly,y,0,0,bad loss
100009,25,34824,f,single,0,1,monthly,y,1,0,good risk
100070,30,34795,m,single,0,1,monthly,y,1,0,bad loss
100209,40,34453,f,single,0,0,monthly,y,2,0,good risk
100185,39,34345,m,single,0,1,monthly,y,0,0,good risk
100074,30,34328,f,single,0,0,monthly,y,2,0,good risk
100252,44,34288,m,single,0,1,monthly,y,0,0,good risk
100462,36,34288,m,married,0,1,monthly,y,2,0,bad loss
100181,38,34281,f,single,0,1,monthly,y,1,0,good risk
100271,30,34265,f,married,0,1,monthly,y,1,0,good risk
100182,39,34252,f,single,0,1,monthly,y,0,0,bad loss
100081,31,34180,f,single,0,0,monthly,y,0,0,good risk
100050,28,34153,m,single,0,1,monthly,y,0,0,good risk
100097,33,34027,f,single,0,0,monthly,y,0,0,good risk
100018,29,33987,f,single,0,0,monthly,y,2,0,bad loss
100190,39,33911,m,single,0,0,monthly,y,2,0,bad loss
100194,39,33815,f,single,0,0,monthly,y,2,0,bad loss
100132,35,33808,f,single,0,0,monthly,y,0,0,good risk
100112,34,33796,f,single,0,0,monthly,y,2,0,bad loss
100242,31,33747,f,single,0,0,monthly,y,1,0,bad loss
100126,35,33740,m,single,0,0,monthly,y,1,0,good risk
100357,33,33683,m,married,1,1,monthly,y,2,1,good risk
100427,35,33679,f,married,0,2,monthly,y,2,1,good risk
100041,28,33658,m,single,0,0,monthly,y,2,0,good risk
100148,37,33635,f,single,0,1,monthly,y,0,0,bad loss
100142,36,33509,m,single,0,0,monthly,y,0,0,bad loss
100057,29,33503,f,single,0,1,monthly,y,1,0,bad loss
100777,45,33502,f,married,1,2,monthly,y,2,1,good risk
100202,28,33489,m,single,0,1,monthly,y,0,0,good risk
100162,37,33471,f,single,0,1,monthly,y,0,0,good risk
100734,44,33454,m,married,0,1,monthly,y,1,1,good risk
100541,38,33439,m,married,1,1,monthly,y,2,1,bad loss
100231,37,33315,m,single,0,0,monthly,y,0,0,good risk
100187,39,33299,m,single,0,1,monthly,y,1,0,good risk
100172,38,33248,m,single,0,0,monthly,y,2,0,good risk
100188,39,33229,m,single,0,1,monthly,y,1,0,good risk
100046,28,33220,m,single,0,0,monthly,y,0,0,good risk
100065,30,33142,f,single,0,1,monthly,y,1,0,good risk
100113,34,32994,f,single,0,1,monthly,y,0,0,good risk
100773,35,32977,m,married,0,2,monthly,y,1,1,good risk
100245,43,32893,f,single,0,1,monthly,y,0,0,good risk
100006,25,32876,f,single,0,0,monthly,y,1,0,good risk
100241,43,32874,m,single,0,1,monthly,y,0,0,good risk
100127,35,32827,m,single,0,0,monthly,y,0,0,good risk
100161,37,32732,m,single,0,1,monthly,y,1,0,good risk
100219,41,32694,m,single,0,1,monthly,y,1,0,good risk
100225,41,32643,f,single,0,0,monthly,y,2,0,bad loss
100014,37,32640,f,single,0,0,monthly,y,2,0,good risk
100016,36,32620,m,single,0,1,monthly,y,1,0,good risk
100180,38,32585,m,single,0,1,monthly,y,2,0,good risk
100239,43,32569,f,single,0,1,monthly,y,0,0,good risk
100204,40,32543,f,single,0,0,monthly,y,0,0,bad loss
100059,29,32539,m,single,0,0,monthly,y,2,0,bad loss
100631,41,32526,f,married,0,1,monthly,y,1,1,good risk
100152,37,32472,f,single,0,0,monthly,y,2,0,good risk
100008,25,32461,m,single,0,0,monthly,y,2,0,good risk
100540,38,32363,f,married,0,1,monthly,y,2,0,good risk
100141,36,32056,m,single,0,0,monthly,y,1,0,good risk
100463,36,32033,f,married,1,2,monthly,y,1,1,good risk
100095,32,31986,f,single,0,0,monthly,y,2,0,good risk
100258,32,31985,m,single,0,1,monthly,y,0,0,good risk
100111,34,31928,f,single,0,0,monthly,y,2,0,good risk
100228,42,31912,m,single,0,0,monthly,y,0,0,good risk
100025,26,31911,m,single,0,0,monthly,y,0,0,bad loss
100673,42,31891,f,married,0,2,monthly,y,1,0,good risk
100030,26,31891,f,single,0,1,monthly,y,1,0,bad loss
100099,33,31868,m,single,0,0,monthly,y,0,0,good risk
100078,31,31853,f,single,0,1,monthly,y,0,0,good risk
100104,33,31804,f,single,0,0,monthly,y,0,0,good risk
100091,32,31778,f,single,0,1,monthly,y,1,0,good risk
100192,39,31771,m,single,0,0,monthly,y,0,0,good risk
100040,28,31731,m,single,0,0,monthly,y,2,0,good risk
100230,30,31689,m,single,0,0,monthly,y,2,0,good risk
100244,43,31586,m,single,0,0,monthly,y,0,0,good risk
100121,34,31567,f,single,0,1,monthly,y,0,0,good risk
100774,30,31563,f,married,1,1,monthly,y,2,0,good risk
100167,38,31523,f,single,0,0,monthly,y,2,0,good risk
100053,29,31519,f,single,0,1,monthly,y,0,0,good risk
100082,31,31472,f,single,0,1,monthly,y,2,0,good risk
100251,35,31454,m,single,0,1,monthly,y,0,0,bad loss
100358,33,31453,m,married,1,2,monthly,y,1,0,good risk
100101,33,31449,m,single,0,0,monthly,y,1,0,good risk
100045,28,31347,f,single,0,1,monthly,y,0,0,good risk
100207,40,31242,f,single,0,1,monthly,y,0,0,good risk
100265,45,31237,m,single,0,0,monthly,y,0,0,good risk
100055,29,31232,m,single,0,1,monthly,y,2,0,good risk
100110,34,31218,f,single,0,1,monthly,y,2,0,good risk
100220,41,31169,m,single,0,0,monthly,y,1,0,bad loss
100179,38,31101,m,single,0,0,monthly,y,1,0,bad loss
100090,32,31096,f,single,0,1,monthly,y,2,0,good risk
100262,45,31021,m,single,0,0,monthly,y,0,0,good risk
100010,25,30908,f,single,0,0,monthly,y,2,0,good risk
100067,30,30884,f,single,0,1,monthly,y,2,0,good risk
100199,40,30881,f,single,0,1,monthly,y,2,0,good risk
100232,42,30807,f,single,0,1,monthly,y,1,0,good risk
100034,27,30796,f,single,0,0,monthly,y,2,0,good risk
100246,43,30791,f,single,0,1,monthly,y,1,0,good risk
100712,43,30788,f,married,1,2,monthly,y,2,1,good risk
100022,26,30618,m,single,0,0,monthly,y,1,0,good risk
100155,37,30605,f,single,0,1,monthly,y,0,0,good risk
100229,42,30580,m,single,0,0,monthly,y,1,0,good risk
100234,42,30547,m,single,0,1,monthly,y,0,0,good risk
100609,40,30546,f,married,0,2,monthly,y,2,0,good risk
100115,34,30436,m,single,0,0,monthly,y,1,0,good risk
100133,35,30422,f,single,0,1,monthly,y,0,0,good risk
100608,40,30273,m,married,0,1,monthly,y,2,0,bad loss
100240,43,30268,m,single,0,0,monthly,y,0,0,good risk
100124,35,30256,f,single,0,0,monthly,y,0,0,good risk
100218,41,30060,f,single,0,0,monthly,y,2,0,good risk
103175,43,29993,f,divsepwid,3,6,weekly,y,4,2,bad loss
103161,43,29987,f,divsepwid,4,5,weekly,y,4,2,good risk
103503,36,29986,m,divsepwid,2,6,weekly,n,5,2,bad loss
103316,45,29963,f,divsepwid,4,6,weekly,n,3,2,good risk
103829,42,29963,f,married,3,4,monthly,y,4,2,bad loss
100502,37,29934,f,married,1,1,monthly,y,2,1,good risk
100064,30,29933,m,single,0,1,monthly,y,2,0,good risk
100042,28,29912,f,single,0,0,monthly,y,1,0,good risk
104079,49,29907,m,married,3,4,weekly,y,5,1,bad loss
103006,41,29907,m,divsepwid,2,6,weekly,y,3,2,bad loss
100004,32,29892,f,single,0,0,monthly,y,0,0,good risk
103662,49,29881,m,divsepwid,2,5,weekly,y,5,2,bad loss
103009,41,29873,f,divsepwid,3,6,weekly,n,3,2,bad loss
103853,43,29870,f,married,2,3,monthly,y,4,1,bad loss
103163,43,29869,m,divsepwid,2,6,weekly,y,3,2,good risk
103862,43,29868,f,married,3,3,monthly,y,5,1,bad loss
103013,41,29860,m,divsepwid,2,5,weekly,n,3,3,good risk
100143,36,29848,f,single,0,1,monthly,y,0,0,good risk
103968,46,29841,f,married,3,3,monthly,y,4,1,bad loss
100062,30,29839,f,single,0,0,monthly,y,1,0,good risk
104102,50,29822,f,married,2,3,weekly,y,4,2,bad loss
100607,40,29816,m,married,0,2,monthly,y,1,0,bad loss
103515,31,29814,m,divsepwid,4,6,weekly,n,4,3,good risk
103494,47,29811,m,divsepwid,4,5,weekly,n,4,3,bad loss
100263,26,29810,m,single,0,1,monthly,y,0,0,bad loss
103937,45,29807,m,married,2,3,weekly,y,4,2,bad loss
103856,43,29803,m,married,3,3,weekly,y,4,1,bad loss
103408,28,29795,m,divsepwid,2,5,weekly,n,5,3,good risk
100033,27,29786,m,single,0,0,monthly,y,0,0,good risk
103933,45,29779,m,married,2,3,weekly,y,4,2,bad loss
103080,42,29779,f,divsepwid,3,5,weekly,y,3,2,good risk
100058,29,29749,m,single,0,0,monthly,y,2,0,good risk
104070,49,29748,m,married,3,3,monthly,y,4,2,bad loss
104071,49,29746,f,married,3,4,weekly,y,5,2,bad loss
103715,50,29745,m,divsepwid,3,6,weekly,y,4,3,bad loss
103264,44,29735,m,divsepwid,3,6,weekly,y,5,3,good risk
100210,40,29718,m,single,0,0,monthly,y,2,0,good risk
103497,47,29706,m,divsepwid,2,5,weekly,y,4,3,bad loss
103769,32,29705,f,married,3,4,weekly,y,5,2,bad loss
100212,41,29702,m,single,0,0,monthly,y,1,0,good risk
103992,47,29691,m,married,2,4,weekly,y,4,1,good risk
103076,42,29687,f,divsepwid,2,5,weekly,n,4,2,bad loss
103400,46,29656,f,divsepwid,4,6,weekly,n,4,2,good risk
103727,50,29614,f,divsepwid,2,5,weekly,n,4,2,bad loss
100138,36,29608,m,single,0,0,monthly,y,1,0,good risk
104005,26,29602,f,married,2,3,weekly,y,5,2,bad loss
103665,49,29600,f,divsepwid,2,6,weekly,y,3,3,bad loss
103016,41,29590,m,divsepwid,3,5,weekly,n,3,2,bad loss
103833,42,29548,m,married,3,3,weekly,y,4,2,bad loss
104104,50,29515,f,married,2,3,monthly,y,4,1,bad loss
104045,38,29494,m,married,2,3,weekly,y,5,2,bad loss
104068,49,29478,m,married,2,3,monthly,y,5,1,bad loss
100032,27,29472,f,single,0,1,monthly,y,2,0,good risk
103098,42,29465,f,divsepwid,4,5,weekly,y,5,3,bad loss
100117,34,29453,f,single,0,0,monthly,y,1,0,good risk
100072,30,29451,m,single,0,1,monthly,y,0,0,good risk
103723,50,29440,f,divsepwid,3,5,weekly,y,5,2,bad loss
103575,30,29438,m,divsepwid,4,6,weekly,y,4,2,good risk
103484,47,29413,m,divsepwid,3,5,weekly,y,3,2,bad loss
103228,44,29413,f,divsepwid,2,6,weekly,y,3,3,bad loss
103578,48,29412,m,divsepwid,3,5,weekly,n,3,2,bad loss
103771,40,29412,f,married,2,4,monthly,y,4,2,bad loss
103320,45,29397,m,divsepwid,2,6,weekly,n,3,2,bad loss
100214,41,29385,m,single,0,0,monthly,y,1,0,good risk
100266,45,29382,f,single,0,1,monthly,y,2,0,good risk
103826,42,29375,m,married,2,3,monthly,y,4,1,bad loss
103263,44,29362,f,divsepwid,3,5,weekly,n,5,3,bad loss
104111,50,29360,m,married,3,4,monthly,y,5,2,bad loss
103824,42,29351,m,married,2,4,monthly,y,4,2,bad loss
100195,39,29343,f,single,0,0,monthly,y,2,0,good risk
103973,46,29338,m,married,2,3,weekly,y,5,1,bad loss
103998,47,29337,f,married,3,4,monthly,y,4,2,bad loss
103066,42,29308,f,divsepwid,3,5,weekly,y,4,3,bad loss
100075,30,29306,m,single,0,0,monthly,y,2,0,bad loss
103966,46,29265,f,married,3,4,weekly,y,4,2,bad loss
103489,32,29258,f,divsepwid,2,5,weekly,n,5,3,good risk
103154,43,29232,m,divsepwid,2,6,weekly,n,3,3,bad loss
103249,44,29227,f,divsepwid,4,5,weekly,n,5,2,good risk
100173,38,29222,f,single,0,0,monthly,y,1,0,good risk
104006,47,29217,m,married,2,3,monthly,y,4,1,bad loss
100201,40,29216,m,single,0,1,monthly,y,2,0,good risk
103825,42,29184,m,married,2,4,monthly,y,5,1,bad loss
100102,33,29182,m,single,0,0,monthly,y,2,0,bad loss
103939,30,29180,f,married,3,4,weekly,y,4,2,bad loss
104107,50,29168,m,married,2,4,monthly,y,5,1,bad loss
103412,33,29147,m,divsepwid,3,6,weekly,n,5,2,good risk
100088,32,29093,m,single,0,1,monthly,y,1,0,good risk
103483,47,29090,m,divsepwid,2,6,weekly,y,4,3,bad loss
103410,46,29090,f,divsepwid,2,6,weekly,y,5,3,bad loss
103894,44,29089,f,married,2,4,weekly,y,4,1,bad loss
103827,42,29078,f,married,2,4,weekly,y,5,1,bad loss
104080,31,29076,m,married,3,4,monthly,y,4,2,bad loss
103719,50,29069,f,divsepwid,4,6,weekly,n,5,2,good risk
103905,27,29041,f,married,3,4,monthly,y,5,1,bad loss
104078,49,29029,f,married,3,4,weekly,y,4,1,bad loss
103237,44,29022,m,divsepwid,2,5,weekly,n,4,3,good risk
100259,44,29011,m,single,0,1,monthly,y,2,0,good risk
100573,39,28991,f,married,1,2,monthly,y,2,0,good risk
104002,47,28983,m,married,2,4,monthly,y,5,1,bad loss
104030,48,28972,m,married,2,4,weekly,y,5,1,good risk
100222,41,28961,m,single,0,1,monthly,y,2,0,good risk
103931,29,28952,f,married,3,3,monthly,y,4,1,bad loss
103935,32,28942,m,married,2,4,monthly,y,4,2,bad loss
103164,43,28905,f,divsepwid,3,6,weekly,n,5,2,bad loss
100606,40,28901,f,married,0,1,monthly,y,1,0,good risk
103773,40,28883,f,married,2,4,weekly,y,4,1,bad loss
103765,40,28870,m,married,3,4,monthly,y,4,2,bad loss
103322,45,28862,f,divsepwid,2,6,weekly,y,5,2,bad loss
100019,26,28852,m,single,0,1,monthly,y,2,0,good risk
100771,45,28840,m,married,0,1,monthly,y,1,0,good risk
100198,40,28835,f,single,0,1,monthly,y,2,0,good risk
104105,50,28813,m,married,3,4,monthly,y,4,1,bad loss
103830,31,28802,f,married,3,4,monthly,y,5,2,bad loss
103739,50,28799,f,divsepwid,3,5,weekly,n,3,2,bad loss
103168,43,28799,f,divsepwid,2,6,weekly,y,5,3,good risk
102997,30,28797,f,divsepwid,3,6,weekly,y,3,3,bad loss
102926,40,28785,m,divsepwid,4,6,weekly,y,5,3,bad loss
103328,45,28778,m,divsepwid,3,6,weekly,y,3,3,bad loss
103589,48,28758,f,divsepwid,2,6,weekly,n,5,2,bad loss
100674,42,28745,m,married,1,1,monthly,y,2,1,good risk
103970,46,28735,m,married,3,4,weekly,y,4,2,bad loss
103232,44,28716,m,divsepwid,3,6,weekly,n,3,3,good risk
102930,40,28714,m,divsepwid,3,5,weekly,n,5,2,bad loss
104077,49,28709,m,married,3,3,monthly,y,4,2,bad loss
104075,49,28708,m,married,2,3,monthly,y,5,2,bad loss
100735,44,28687,f,married,1,1,monthly,y,2,0,good risk
103493,47,28671,m,divsepwid,4,5,weekly,y,4,2,good risk
103152,43,28658,f,divsepwid,4,5,weekly,y,5,2,bad loss
103062,42,28643,m,divsepwid,2,6,weekly,n,4,2,good risk
100250,35,28640,m,single,0,1,monthly,y,1,0,good risk
100157,37,28633,m,single,0,0,monthly,y,1,0,good risk
103863,43,28631,f,married,2,4,monthly,y,5,2,bad loss
103965,46,28626,m,married,2,3,weekly,y,4,2,bad loss
100043,28,28622,f,single,0,0,monthly,y,1,0,good risk
103656,49,28618,m,divsepwid,4,6,weekly,n,4,2,bad loss
103252,44,28617,f,divsepwid,3,5,weekly,n,5,2,bad loss
103509,32,28610,f,divsepwid,2,5,weekly,n,5,2,bad loss
103492,47,28602,f,divsepwid,3,6,weekly,n,3,2,bad loss
103868,43,28592,m,married,3,3,weekly,y,4,1,bad loss
103858,43,28567,m,married,3,3,monthly,y,5,2,bad loss
102983,41,28546,m,divsepwid,3,5,weekly,n,4,3,bad loss
103077,42,28528,f,divsepwid,2,6,weekly,y,4,3,bad loss
102985,38,28528,f,divsepwid,3,6,weekly,y,4,2,bad loss
100083,31,28515,m,single,0,1,monthly,y,2,0,good risk
102996,41,28513,m,divsepwid,2,5,weekly,y,5,3,bad loss
103869,43,28507,f,married,3,3,monthly,y,5,1,bad loss
100708,43,28469,m,married,1,1,monthly,y,2,0,good risk
104047,48,28461,f,married,3,3,weekly,y,5,2,good risk
100052,29,28454,m,single,0,0,monthly,y,0,0,good risk
103732,50,28453,m,divsepwid,4,6,weekly,y,5,2,good risk
100164,38,28450,m,single,0,0,monthly,y,1,0,bad loss
103072,42,28418,m,divsepwid,3,5,weekly,y,3,3,good risk
103061,42,28407,m,divsepwid,2,6,weekly,n,3,2,bad loss
103397,46,28403,f,divsepwid,3,5,weekly,y,3,2,good risk
102998,41,28351,m,divsepwid,3,6,weekly,n,3,2,good risk
102929,40,28348,m,divsepwid,2,6,weekly,n,4,3,bad loss
103664,49,28336,f,divsepwid,2,5,weekly,n,5,3,good risk
103334,45,28333,m,divsepwid,4,6,weekly,n,5,3,good risk
100085,31,28315,m,single,0,0,monthly,y,1,0,bad loss
103587,48,28294,m,divsepwid,4,6,weekly,n,5,2,bad loss
103159,43,28275,f,divsepwid,3,6,weekly,n,4,3,bad loss
103568,48,28252,m,divsepwid,2,5,weekly,y,4,2,bad loss
103321,45,28243,m,divsepwid,4,6,weekly,n,5,2,bad loss
103259,44,28230,f,divsepwid,2,5,weekly,n,4,2,bad loss
100247,44,28218,f,single,0,0,monthly,y,0,0,good risk
102988,41,28205,m,divsepwid,2,5,weekly,n,3,3,bad loss
103262,44,28181,f,divsepwid,3,5,weekly,y,5,2,good risk
103162,37,28180,f,divsepwid,4,6,weekly,y,4,2,bad loss
103725,26,28172,m,divsepwid,3,6,weekly,n,3,3,good risk
100168,38,28168,f,single,0,1,monthly,y,2,0,good risk
103799,41,28156,m,married,3,4,weekly,y,4,1,bad loss
100461,36,28156,f,married,0,1,monthly,y,1,0,good risk
104003,47,28154,m,married,2,4,monthly,y,4,1,bad loss
104115,34,28146,m,married,2,3,monthly,y,5,1,bad loss
103169,43,28136,f,divsepwid,4,5,weekly,y,4,3,bad loss
103582,48,28115,m,divsepwid,2,5,weekly,y,4,2,bad loss
100216,37,28112,f,single,0,1,monthly,y,2,0,good risk
100001,25,28085,f,single,0,1,monthly,y,1,0,good risk
103413,46,28063,f,divsepwid,4,5,weekly,y,5,2,good risk
103248,44,28063,f,divsepwid,3,6,weekly,n,5,2,good risk
103597,48,28060,m,divsepwid,2,6,weekly,n,5,3,good risk
100165,38,28036,m,single,0,1,monthly,y,2,0,good risk
100007,33,28018,m,single,0,1,monthly,y,1,0,good risk
103795,41,28000,f,married,2,4,weekly,y,5,1,bad loss
100100,33,27995,f,single,0,0,monthly,y,0,0,good risk
103406,46,27994,m,divsepwid,2,5,weekly,n,3,2,bad loss
103429,30,27990,f,divsepwid,2,6,weekly,y,5,3,bad loss
100013,25,27987,f,single,0,1,monthly,y,2,0,bad loss
103667,49,27986,m,divsepwid,2,6,weekly,n,3,3,bad loss
103002,33,27979,f,divsepwid,4,6,weekly,y,3,3,good risk
100012,25,27956,f,single,0,0,monthly,y,1,0,good risk
100159,37,27941,f,single,0,1,monthly,y,1,0,good risk
104116,50,27940,m,married,3,4,weekly,y,5,2,bad loss
103325,29,27930,f,divsepwid,2,5,weekly,n,3,2,good risk
103802,27,27917,m,married,3,3,monthly,y,4,2,bad loss
100166,38,27915,f,single,0,0,monthly,y,0,0,good risk
103251,44,27909,m,divsepwid,2,6,weekly,y,4,2,bad loss
103327,45,27906,m,divsepwid,3,5,weekly,y,4,3,bad loss
100238,43,27901,f,single,0,0,monthly,y,2,0,good risk
100213,37,27897,f,single,0,0,monthly,y,0,0,bad loss
103929,45,27892,m,married,2,4,weekly,y,5,2,bad loss
102994,41,27885,f,divsepwid,4,6,weekly,y,5,2,bad loss
104036,48,27873,f,married,3,4,monthly,y,4,1,bad loss
103485,31,27862,f,divsepwid,4,5,weekly,y,3,2,bad loss
103326,45,27859,m,divsepwid,2,6,weekly,y,5,3,good risk
103519,47,27854,f,divsepwid,3,6,weekly,n,5,2,bad loss
100256,44,27849,m,single,0,1,monthly,y,1,0,good risk
100069,30,27849,f,single,0,0,monthly,y,0,0,good risk
100184,39,27841,m,single,0,0,monthly,y,0,0,good risk
103855,43,27833,f,married,3,4,monthly,y,4,2,bad loss
100542,38,27828,f,married,1,1,monthly,y,1,0,good risk
100027,26,27819,f,single,0,0,monthly,y,1,0,good risk
103257,44,27816,m,divsepwid,2,5,weekly,y,4,3,good risk
103909,44,27808,f,married,3,3,weekly,y,5,1,bad loss
103064,42,27796,m,divsepwid,2,6,weekly,n,5,2,bad loss
103861,43,27795,f,married,3,3,weekly,y,5,1,bad loss
100122,34,27794,f,single,0,0,monthly,y,1,0,good risk
100249,44,27793,f,single,0,1,monthly,y,1,0,bad loss
103430,46,27792,m,divsepwid,4,6,weekly,y,4,2,good risk
103178,43,27745,m,divsepwid,4,5,weekly,n,3,3,good risk
100208,40,27739,m,single,0,0,monthly,y,2,0,good risk
103097,42,27736,f,divsepwid,4,5,weekly,y,5,2,bad loss
103010,41,27723,m,divsepwid,4,5,weekly,y,3,3,bad loss
100128,35,27706,m,single,0,1,monthly,y,2,0,good risk
103514,47,27678,f,divsepwid,4,6,weekly,y,3,2,bad loss
103165,43,27669,f,divsepwid,3,6,weekly,n,5,3,bad loss
103068,30,27661,m,divsepwid,3,6,weekly,y,3,3,bad loss
100236,36,27658,m,single,0,1,monthly,y,0,0,good risk
103403,31,27637,m,divsepwid,3,6,weekly,y,4,3,good risk
100060,29,27632,f,single,0,1,monthly,y,1,0,bad loss
103800,41,27624,f,married,2,4,weekly,y,5,2,bad loss
103897,44,27619,m,married,2,3,monthly,y,4,1,bad loss
100024,26,27605,f,single,0,1,monthly,y,2,0,good risk
103511,47,27602,f,divsepwid,3,5,weekly,n,4,2,bad loss
103645,49,27591,m,divsepwid,2,5,weekly,n,5,2,good risk
103910,44,27590,m,married,3,3,monthly,y,4,2,bad loss
100096,33,27580,m,single,0,0,monthly,y,0,0,good risk
103975,46,27569,m,married,3,3,weekly,y,4,2,bad loss
104041,28,27566,f,married,3,3,weekly,y,4,2,bad loss
103482,47,27565,m,divsepwid,2,5,weekly,n,5,2,good risk
103324,45,27553,f,divsepwid,4,6,weekly,y,5,2,bad loss
104114,50,27535,f,married,2,3,monthly,y,4,1,bad loss
100120,34,27530,f,single,0,0,monthly,y,0,0,good risk
100183,39,27523,f,single,0,1,monthly,y,2,0,good risk
103867,43,27517,m,married,2,4,weekly,y,5,2,bad loss
100084,31,27505,m,single,0,1,monthly,y,0,0,good risk
103317,34,27486,f,divsepwid,4,6,weekly,n,5,3,bad loss
103343,45,27467,m,divsepwid,4,5,weekly,n,5,3,good risk
104112,50,27457,f,married,3,3,monthly,y,5,1,good risk
100011,25,27457,m,single,0,1,monthly,y,2,0,good risk
103650,49,27450,f,divsepwid,2,5,weekly,n,3,3,bad loss
102924,28,27416,f,divsepwid,4,5,weekly,n,5,2,bad loss
103242,44,27402,f,divsepwid,3,6,weekly,n,5,2,good risk
103767,40,27395,f,married,2,4,weekly,y,5,1,good risk
103964,26,27379,m,married,2,4,weekly,y,5,1,bad loss
103938,45,27375,m,married,2,3,monthly,y,4,2,bad loss
100051,28,27362,m,single,0,0,monthly,y,0,0,good risk
103995,47,27353,m,married,2,4,monthly,y,5,1,bad loss
103942,28,27344,f,married,3,3,monthly,y,4,2,bad loss
100226,41,27334,f,single,0,1,monthly,y,1,0,good risk
100020,26,27332,f,single,0,0,monthly,y,0,0,good risk
103770,40,27290,f,married,3,3,monthly,y,5,1,bad loss
103768,40,27289,m,married,2,3,weekly,y,5,1,bad loss
103512,47,27286,m,divsepwid,3,6,weekly,y,5,2,good risk
103235,44,27283,f,divsepwid,4,6,weekly,n,5,2,bad loss
103898,44,27269,f,married,2,3,monthly,y,5,1,bad loss
103333,45,27267,m,divsepwid,4,6,weekly,n,3,3,bad loss
100080,31,27252,m,single,0,0,monthly,y,0,0,good risk
103899,44,27233,f,married,3,4,weekly,y,4,1,bad loss
103506,38,27196,f,divsepwid,4,6,weekly,y,5,3,bad loss
103315,45,27195,m,divsepwid,3,6,weekly,n,4,2,bad loss
103088,42,27164,m,divsepwid,2,6,weekly,y,3,2,bad loss
103236,28,27161,m,divsepwid,2,5,weekly,y,4,2,good risk
103577,48,27154,m,divsepwid,2,6,weekly,y,3,2,bad loss
103902,37,27148,m,married,2,4,monthly,y,4,2,bad loss
100156,37,27134,m,single,0,1,monthly,y,2,0,good risk
103417,46,27133,m,divsepwid,2,5,weekly,y,5,2,good risk
103828,42,27128,m,married,3,4,weekly,y,4,2,bad loss
103414,27,27127,f,divsepwid,4,5,weekly,y,5,3,good risk
100139,36,27110,f,single,0,1,monthly,y,2,0,good risk
103337,26,27107,m,divsepwid,2,5,weekly,n,3,3,bad loss
102904,40,27105,m,divsepwid,2,5,weekly,y,5,3,good risk
100302,31,27105,f,married,0,2,monthly,y,2,1,good risk
100197,39,27092,f,single,0,1,monthly,y,2,0,good risk
103906,44,27089,f,married,2,4,weekly,y,4,1,bad loss
103500,47,27086,m,divsepwid,2,5,weekly,n,5,2,good risk
104042,48,27077,m,married,2,4,weekly,y,4,1,bad loss
103860,43,27077,f,married,3,4,monthly,y,4,1,bad loss
103572,48,27076,m,divsepwid,3,5,weekly,n,4,3,bad loss
100248,44,27070,m,single,0,0,monthly,y,1,0,good risk
104076,49,27068,f,married,3,4,monthly,y,5,2,bad loss
102913,40,27061,f,divsepwid,4,6,weekly,y,4,3,bad loss
103591,48,27046,m,divsepwid,3,5,weekly,n,4,2,bad loss
103594,48,27045,f,divsepwid,4,5,weekly,n,4,3,good risk
103233,44,27030,f,divsepwid,4,5,weekly,n,5,3,good risk
100086,32,27026,m,single,0,0,monthly,y,0,0,good risk
104043,48,27016,m,married,2,4,weekly,y,5,1,bad loss
103170,43,27008,f,divsepwid,4,6,weekly,n,3,2,bad loss
100215,34,27004,f,single,0,0,monthly,y,2,0,good risk
102982,41,26976,m,divsepwid,3,5,weekly,y,4,2,bad loss
104073,49,26968,m,married,3,4,weekly,y,5,1,bad loss
103256,44,26967,f,divsepwid,4,6,weekly,n,4,2,bad loss
103176,43,26956,f,divsepwid,3,6,weekly,n,5,3,good risk
103654,49,26952,f,divsepwid,4,5,weekly,n,4,2,good risk
103174,43,26943,f,divsepwid,3,5,weekly,n,3,2,bad loss
100171,38,26916,m,single,0,1,monthly,y,2,0,good risk
100123,35,26908,f,single,0,1,monthly,y,2,0,good risk
104113,26,26905,m,married,2,4,weekly,y,5,2,bad loss
103431,46,26900,f,divsepwid,4,6,weekly,n,4,2,bad loss
103835,42,26872,m,married,3,4,monthly,y,4,1,bad loss
103087,38,26865,m,divsepwid,2,5,weekly,n,5,2,good risk
103089,42,26848,f,divsepwid,2,6,weekly,y,3,3,bad loss
103078,42,26806,m,divsepwid,2,6,weekly,y,5,2,bad loss
103584,27,26785,m,divsepwid,3,5,weekly,n,4,3,good risk
100261,28,26782,f,single,0,0,monthly,y,0,0,good risk
103946,45,26773,f,married,2,3,monthly,y,5,1,bad loss
103930,45,26772,f,married,2,4,monthly,y,4,2,bad loss
103661,49,26766,f,divsepwid,2,5,weekly,y,4,2,good risk
102999,41,26750,m,divsepwid,4,5,weekly,y,4,2,good risk
104106,50,26746,f,married,2,4,weekly,y,5,1,bad loss
103005,41,26736,m,divsepwid,2,5,weekly,n,4,2,good risk
103339,45,26723,m,divsepwid,2,6,weekly,n,3,2,good risk
100186,39,26718,m,single,0,0,monthly,y,0,0,good risk
103895,44,26701,m,married,3,4,weekly,y,4,1,bad loss
103652,49,26700,f,divsepwid,3,5,weekly,n,5,2,bad loss
103323,45,26624,f,divsepwid,4,5,weekly,n,3,2,good risk
100063,30,26602,m,single,0,0,monthly,y,2,0,good risk
103772,26,26595,m,married,3,4,monthly,y,5,2,bad loss
103671,38,26594,f,divsepwid,4,6,weekly,y,5,2,good risk
103859,43,26572,f,married,2,4,weekly,y,4,2,bad loss
103643,49,26551,m,divsepwid,4,6,weekly,n,3,2,bad loss
103947,45,26542,m,married,3,4,monthly,y,5,2,bad loss
100170,38,26539,m,single,0,1,monthly,y,1,0,good risk
103944,45,26532,m,married,2,3,weekly,y,4,2,bad loss
100203,40,26528,m,single,0,1,monthly,y,1,0,good risk
100079,31,26485,f,single,0,0,monthly,y,1,0,good risk
103903,44,26476,f,married,2,3,monthly,y,4,1,bad loss
103896,44,26430,f,married,3,3,monthly,y,5,1,bad loss
104110,50,26417,f,married,3,4,weekly,y,5,1,bad loss
103583,32,26415,m,divsepwid,2,6,weekly,y,5,3,bad loss
102908,40,26411,f,divsepwid,3,5,weekly,n,3,3,bad loss
103832,30,26409,m,married,2,3,weekly,y,4,1,bad loss
104039,48,26406,f,married,2,4,monthly,y,4,1,bad loss
103595,48,26396,m,divsepwid,4,6,weekly,n,5,2,bad loss
103670,49,26352,f,divsepwid,4,5,weekly,n,3,3,bad loss
103585,48,26344,m,divsepwid,3,6,weekly,n,4,2,good risk
103319,45,26307,f,divsepwid,2,5,weekly,n,4,2,bad loss
103963,46,26247,m,married,3,3,weekly,y,5,1,bad loss
100136,36,26243,f,single,0,0,monthly,y,0,0,good risk
103415,29,26238,m,divsepwid,4,5,weekly,n,3,2,good risk
103240,44,26233,m,divsepwid,3,6,weekly,y,3,3,good risk
103904,44,26231,m,married,3,4,weekly,y,5,2,bad loss
100056,29,26231,m,single,0,0,monthly,y,0,0,good risk
103993,47,26218,f,married,2,4,weekly,y,5,2,bad loss
103008,41,26203,f,divsepwid,3,5,weekly,y,4,2,bad loss
103596,48,26193,f,divsepwid,2,5,weekly,n,3,2,bad loss
103943,45,26191,f,married,2,4,monthly,y,4,2,bad loss
103996,47,26184,f,married,2,3,monthly,y,5,1,bad loss
102989,29,26180,m,divsepwid,2,5,weekly,n,4,3,bad loss
104040,48,26178,m,married,3,4,monthly,y,5,1,bad loss
100021,26,26175,f,single,0,1,monthly,y,2,0,good risk
104038,27,26173,f,married,2,4,weekly,y,5,2,bad loss
103157,43,26166,m,divsepwid,3,5,weekly,n,4,3,good risk
103487,47,26156,m,divsepwid,2,5,weekly,y,5,3,good risk
103095,42,26150,f,divsepwid,2,5,weekly,n,4,2,good risk
103498,47,26147,m,divsepwid,2,5,weekly,y,5,2,bad loss
103653,34,26140,m,divsepwid,3,6,weekly,y,4,3,bad loss
103581,36,26134,f,divsepwid,2,5,weekly,y,3,3,bad loss
103574,48,26129,m,divsepwid,3,6,weekly,n,5,3,good risk
103948,45,26125,f,married,3,3,weekly,y,4,1,bad loss
103086,31,26120,m,divsepwid,2,5,weekly,y,5,2,good risk
100073,30,26077,f,single,0,0,monthly,y,1,0,good risk
103495,47,26060,m,divsepwid,4,6,weekly,n,4,2,good risk
103094,42,26056,f,divsepwid,4,6,weekly,y,3,2,good risk
102993,41,26030,m,divsepwid,4,5,weekly,n,4,2,bad loss
100169,38,26028,m,single,0,0,monthly,y,1,0,good risk
104001,47,26023,m,married,2,4,monthly,y,4,1,bad loss
103666,49,26009,f,divsepwid,2,6,weekly,y,5,3,bad loss
100140,36,26009,m,single,0,1,monthly,y,1,0,good risk
104069,49,26003,f,married,3,4,weekly,y,5,2,bad loss
100005,25,25991,m,single,0,0,monthly,y,2,0,good risk
103932,31,25970,m,married,3,3,monthly,y,5,2,bad loss
100039,28,25935,m,single,0,1,monthly,y,0,0,good risk
100066,30,25933,f,single,0,1,monthly,y,2,0,bad loss
104032,36,25920,f,married,2,4,weekly,y,4,2,bad loss
103866,43,25916,m,married,3,3,weekly,y,5,1,bad loss
103934,45,25915,f,married,3,3,monthly,y,4,2,bad loss
100147,37,25912,f,single,0,0,monthly,y,2,0,good risk
103900,32,25901,f,married,3,4,monthly,y,5,2,bad loss
104117,50,25884,f,married,2,3,weekly,y,5,1,bad loss
103734,50,25872,f,divsepwid,4,6,weekly,n,3,2,bad loss
103167,43,25863,m,divsepwid,2,6,weekly,y,4,3,good risk
104044,33,25848,m,married,2,4,weekly,y,5,2,bad loss
103172,43,25838,f,divsepwid,2,6,weekly,n,5,2,good risk
103834,42,25826,f,married,3,4,weekly,y,5,1,bad loss
103340,45,25801,m,divsepwid,3,5,weekly,n,3,2,bad loss
102911,40,25785,m,divsepwid,2,5,weekly,n,4,3,good risk
100151,37,25771,f,single,0,0,monthly,y,1,0,good risk
103330,45,25768,f,divsepwid,3,6,weekly,y,5,3,good risk
100211,31,25753,f,single,0,0,monthly,y,0,0,good risk
100098,33,25747,f,single,0,1,monthly,y,0,0,good risk
103994,47,25730,f,married,3,3,monthly,y,4,1,bad loss
103260,44,25725,m,divsepwid,2,6,weekly,y,4,2,bad loss
103668,49,25698,f,divsepwid,3,6,weekly,n,5,2,good risk
104074,49,25687,m,married,3,4,monthly,y,4,2,bad loss
103945,33,25678,f,married,2,3,weekly,y,5,2,bad loss
104034,48,25659,m,married,3,3,weekly,y,5,1,bad loss
103969,37,25654,m,married,3,3,monthly,y,5,1,bad loss
103648,49,25651,f,divsepwid,3,5,weekly,n,4,3,bad loss
104101,50,25629,m,married,2,4,monthly,y,4,1,bad loss
104035,48,25613,f,married,2,4,weekly,y,5,1,bad loss
102921,40,25607,f,divsepwid,2,6,weekly,y,3,3,good risk
103864,43,25563,f,married,2,3,monthly,y,5,1,bad loss
103092,42,25560,m,divsepwid,3,6,weekly,n,3,3,bad loss
104103,50,25549,f,married,2,4,monthly,y,5,2,bad loss
100217,31,25548,f,single,0,0,monthly,y,1,0,good risk
103797,41,25541,f,married,2,3,monthly,y,5,1,bad loss
103422,46,25537,f,divsepwid,3,6,weekly,y,5,3,bad loss
103908,44,25528,m,married,2,3,monthly,y,5,1,bad loss
100087,32,25494,m,single,0,1,monthly,y,0,0,good risk
103150,43,25474,f,divsepwid,3,5,weekly,y,5,2,bad loss
104007,29,25418,m,married,3,4,monthly,y,4,2,bad loss
103974,46,25397,f,married,3,4,weekly,y,5,1,bad loss
104037,48,25396,f,married,3,4,monthly,y,5,1,bad loss
103647,49,25361,m,divsepwid,2,6,weekly,y,5,3,bad loss
104004,47,25361,,married,2,3,weekly,y,4,2,bad loss
104008,47,25342,m,married,3,3,weekly,y,4,2,bad loss
103148,43,25327,f,divsepwid,2,6,weekly,y,4,3,good risk
104000,47,25319,f,married,2,4,weekly,y,4,1,bad loss
103911,44,25302,m,married,3,3,monthly,y,5,1,bad loss
103901,38,25289,m,married,2,4,weekly,y,5,2,bad loss
103865,37,25280,f,married,2,3,monthly,y,5,2,bad loss
103766,40,25279,m,married,2,4,monthly,y,4,2,bad loss
100114,34,25276,f,single,0,1,monthly,y,1,0,good risk
103711,50,25199,f,divsepwid,3,5,weekly,y,3,2,good risk
103599,48,25190,f,divsepwid,4,5,weekly,n,4,2,bad loss
103720,35,25180,m,divsepwid,2,5,weekly,y,4,3,bad loss
104072,49,25178,m,married,2,3,monthly,y,5,2,bad loss
103246,44,25124,f,divsepwid,3,6,weekly,y,3,2,bad loss
103717,50,25098,m,divsepwid,4,5,weekly,n,3,3,good risk
103336,45,25094,f,divsepwid,2,5,weekly,y,5,3,bad loss
100026,26,25093,f,single,0,1,monthly,y,1,0,good risk
102920,40,25060,m,divsepwid,2,5,weekly,n,5,2,bad loss
104046,48,25035,m,married,3,4,weekly,y,4,2,bad loss
103997,47,25031,m,married,3,4,weekly,y,5,1,bad loss
104062,49,24991,m,married,3,4,monthly,y,5,2,bad loss
103787,41,24990,m,married,3,3,monthly,y,4,2,bad loss
103928,45,24988,m,married,3,4,weekly,y,4,1,bad loss
103040,42,24979,f,divsepwid,2,5,weekly,y,5,3,bad loss
102069,20,24968,m,single,0,3,weekly,y,1,1,bad loss
101824,24,24956,f,married,2,2,monthly,y,3,1,bad loss
103757,40,24954,f,married,3,3,weekly,y,4,2,bad loss
103556,27,24951,f,divsepwid,3,5,weekly,n,5,3,bad loss
101214,20,24945,m,married,1,2,weekly,y,1,1,bad loss
102389,22,24943,m,single,1,1,monthly,y,3,1,good risk
103133,27,24933,f,divsepwid,2,6,weekly,n,3,3,bad loss
101052,19,24929,f,married,2,2,weekly,y,3,1,good risk
101081,19,24920,m,married,2,1,monthly,y,2,1,bad loss
101821,24,24914,m,married,1,2,weekly,y,2,1,bad loss
101056,27,24913,m,married,2,1,monthly,y,2,1,good risk
101540,22,24910,m,married,2,1,weekly,y,3,2,good risk
100893,18,24904,m,married,2,1,monthly,y,1,1,good risk
103383,46,24892,m,divsepwid,4,5,weekly,n,4,3,good risk
103694,50,24887,m,divsepwid,2,6,weekly,n,5,2,bad loss
103296,30,24839,m,divsepwid,4,6,weekly,n,3,2,good risk
100944,18,24832,m,married,2,0,weekly,y,1,1,bad loss
101924,25,24823,m,married,1,0,monthly,y,3,2,bad loss
103373,33,24809,m,divsepwid,2,6,weekly,n,3,3,bad loss
103047,38,24798,f,divsepwid,3,5,weekly,n,4,3,bad loss
102980,41,24794,f,divsepwid,4,5,weekly,n,3,3,bad loss
104066,49,24778,f,married,3,3,weekly,y,5,2,bad loss
101396,21,24775,m,married,1,1,monthly,y,2,1,good risk
102221,21,24770,m,single,1,3,monthly,n,2,1,bad loss
101798,24,24755,f,married,1,0,weekly,y,3,1,bad loss
102833,25,24741,m,single,1,1,weekly,n,1,1,bad loss
104028,36,24728,m,married,3,4,weekly,y,4,2,bad loss
103782,41,24724,m,married,2,4,weekly,y,5,1,bad loss
103297,32,24723,f,divsepwid,4,6,weekly,n,5,2,bad loss
103763,40,24723,m,married,2,3,monthly,y,4,1,bad loss
103696,50,24718,m,divsepwid,3,6,weekly,y,5,3,good risk
103043,42,24703,f,divsepwid,3,6,weekly,n,3,3,bad loss
103891,44,24701,f,married,2,3,weekly,y,4,1,bad loss
101685,23,24695,m,married,1,1,weekly,y,3,1,bad loss
101504,22,24676,f,married,1,0,monthly,y,3,1,good risk
101062,36,24673,m,married,2,0,weekly,y,2,1,good risk
104056,49,24668,f,married,3,3,monthly,y,4,2,bad loss
103820,30,24668,f,married,3,3,weekly,y,4,1,bad loss
102970,41,24665,m,divsepwid,4,5,weekly,y,4,2,bad loss
101265,20,24643,f,married,2,0,monthly,y,3,2,bad loss
103044,42,24632,m,divsepwid,4,6,weekly,y,4,3,bad loss
103923,45,24630,m,married,2,4,weekly,y,4,2,bad loss
103788,41,24618,f,married,2,3,monthly,y,4,1,bad loss
101795,38,24608,f,married,2,2,monthly,y,3,2,bad loss
102696,35,24597,f,single,0,1,monthly,n,3,1,bad loss
102124,20,24597,f,single,0,3,monthly,n,2,1,bad loss
102418,22,24587,f,single,0,1,weekly,y,2,1,bad loss
101357,21,24584,m,married,2,1,monthly,y,2,1,bad loss
103695,50,24566,m,divsepwid,3,5,weekly,n,3,3,bad loss
104064,49,24561,m,married,3,4,weekly,y,4,2,bad loss
103215,33,24557,f,divsepwid,2,6,weekly,n,4,3,good risk
103708,50,24549,m,divsepwid,4,5,weekly,y,3,2,good risk
101353,21,24545,f,married,1,1,weekly,y,3,2,bad loss
101852,24,24538,m,married,2,2,weekly,y,3,1,good risk
101543,22,24535,m,married,1,0,weekly,y,1,2,bad loss
102387,22,24529,f,single,0,3,monthly,y,2,1,good risk
103814,42,24528,f,married,2,4,weekly,y,5,1,bad loss
103547,48,24526,f,divsepwid,2,5,weekly,n,3,3,bad loss
103760,40,24519,f,married,2,4,monthly,y,5,2,bad loss
103922,45,24516,f,married,3,3,monthly,y,4,2,bad loss
102396,22,24515,f,single,0,3,monthly,y,3,1,good risk
104020,48,24511,f,married,2,3,weekly,y,5,2,bad loss
101535,22,24497,f,married,1,2,weekly,y,1,1,good risk
103638,49,24487,m,divsepwid,3,5,weekly,n,4,2,good risk
103641,49,24478,f,divsepwid,4,6,weekly,y,3,2,good risk
102417,26,24472,m,single,0,1,monthly,n,3,1,bad loss
100926,18,24454,m,married,2,2,monthly,y,3,2,bad loss
101969,38,24443,m,married,1,1,weekly,y,1,1,bad loss
103764,40,24437,f,married,2,3,monthly,y,4,1,bad loss
103631,49,24390,m,divsepwid,2,5,weekly,y,5,2,bad loss
102530,23,24384,m,single,0,3,monthly,n,3,1,good risk
103555,48,24381,m,divsepwid,2,5,weekly,n,4,3,good risk
103634,28,24374,m,divsepwid,4,6,weekly,y,4,3,bad loss
103472,47,24373,f,divsepwid,3,6,weekly,n,3,3,good risk
102971,37,24363,m,divsepwid,4,5,weekly,n,3,2,bad loss
101206,35,24351,m,married,2,0,monthly,y,1,2,bad loss
101065,19,24332,m,married,2,2,monthly,y,1,2,good risk
103564,27,24327,m,divsepwid,3,5,weekly,y,5,2,bad loss
102540,23,24316,f,single,0,3,weekly,n,2,1,good risk
103465,47,24314,m,divsepwid,3,6,weekly,n,3,3,bad loss
102726,31,24311,f,single,0,3,monthly,n,1,1,bad loss
103218,44,24305,m,divsepwid,3,5,weekly,n,5,2,good risk
103793,41,24304,m,married,2,4,monthly,y,5,1,bad loss
103956,35,24293,f,married,3,3,weekly,y,4,1,bad loss
103625,49,24277,f,divsepwid,2,6,weekly,n,3,2,bad loss
103790,41,24271,f,married,3,3,monthly,y,4,2,bad loss
103462,47,24269,f,divsepwid,2,6,weekly,y,5,3,good risk
103141,43,24244,f,divsepwid,2,5,weekly,n,4,2,bad loss
102362,22,24226,m,single,0,3,weekly,y,3,1,good risk
102253,21,24220,m,single,0,3,monthly,n,2,1,bad loss
102972,41,24219,m,divsepwid,4,6,weekly,y,5,3,bad loss
103389,46,24211,m,divsepwid,4,5,weekly,n,3,2,bad loss
103960,46,24207,f,married,2,4,weekly,y,4,1,bad loss
103785,34,24203,f,married,3,3,weekly,y,4,1,bad loss
100892,18,24184,m,married,2,0,weekly,y,2,2,bad loss
103989,47,24152,m,married,3,3,monthly,y,4,1,bad loss
102105,20,24148,m,single,0,3,weekly,y,1,1,bad loss
102574,23,24134,f,single,0,3,weekly,y,2,1,good risk
103883,44,24121,f,married,3,4,weekly,y,4,1,bad loss
101546,22,24112,f,married,1,1,weekly,y,1,1,good risk
103461,38,24081,f,divsepwid,2,5,weekly,n,5,2,good risk
103561,31,24071,m,divsepwid,2,5,weekly,y,3,2,bad loss
103759,40,24071,m,married,2,4,weekly,y,4,1,bad loss
103052,42,24057,f,divsepwid,4,6,weekly,n,3,3,bad loss
104055,49,24056,m,married,3,3,monthly,y,4,1,bad loss
104094,50,24052,f,married,2,4,weekly,y,5,1,bad loss
103374,28,24039,m,divsepwid,3,6,weekly,n,4,3,bad loss
103957,46,24039,m,married,3,3,monthly,y,5,1,bad loss
103959,46,24039,f,married,3,4,weekly,y,4,1,good risk
103550,48,24027,f,divsepwid,4,5,weekly,n,4,2,bad loss
103988,47,24025,f,married,3,3,weekly,y,4,1,bad loss
103707,50,24017,m,divsepwid,3,6,weekly,n,4,2,bad loss
104058,30,24013,f,married,2,4,weekly,y,5,2,bad loss
103892,44,24007,f,married,2,3,monthly,y,4,2,bad loss
101089,19,23997,m,married,2,0,weekly,y,3,2,bad loss
103214,44,23984,f,divsepwid,2,5,weekly,y,5,2,good risk
102225,21,23980,f,single,0,2,weekly,y,1,1,bad loss
102715,29,23965,m,single,0,3,monthly,n,3,1,bad loss
103791,34,23964,f,married,2,4,weekly,y,4,1,bad loss
101548,22,23953,f,married,1,2,weekly,y,2,1,bad loss
103704,50,23952,f,divsepwid,2,6,weekly,n,3,3,bad loss
104065,49,23949,f,married,3,4,monthly,y,5,1,bad loss
100900,18,23946,f,married,2,0,monthly,y,3,2,bad loss
102811,25,23944,f,single,0,3,monthly,y,2,1,good risk
102976,41,23937,m,divsepwid,3,6,weekly,y,4,3,good risk
103848,43,23910,f,married,2,4,monthly,y,4,2,bad loss
103045,42,23902,f,divsepwid,2,5,weekly,y,5,3,good risk
103888,44,23900,f,married,3,4,weekly,y,4,1,bad loss
103217,44,23899,f,divsepwid,3,5,weekly,n,4,3,bad loss
103549,36,23898,m,divsepwid,3,5,weekly,n,4,3,bad loss
103140,43,23897,m,divsepwid,2,5,weekly,n,3,3,good risk
102229,30,23894,m,single,1,2,weekly,y,1,1,bad loss
102406,22,23893,m,single,1,2,monthly,n,1,1,bad loss
103885,44,23890,f,married,3,4,monthly,y,4,1,bad loss
101517,22,23890,m,married,2,1,monthly,y,3,1,bad loss
102902,40,23874,m,divsepwid,4,6,weekly,n,5,2,bad loss
103786,28,23871,m,married,3,3,weekly,y,4,2,bad loss
103139,43,23861,m,divsepwid,2,5,weekly,y,3,3,bad loss
102966,41,23851,f,divsepwid,2,5,weekly,n,5,2,bad loss
104027,48,23850,m,married,2,4,weekly,y,4,1,bad loss
102705,36,23848,m,single,0,2,monthly,n,3,1,bad loss
103884,44,23843,f,married,3,4,weekly,y,4,2,bad loss
103469,47,23838,f,divsepwid,2,6,weekly,y,3,2,good risk
103301,45,23837,m,divsepwid,3,6,weekly,y,5,3,good risk
102977,41,23836,f,divsepwid,4,5,weekly,y,4,3,good risk
101653,23,23834,f,married,2,1,weekly,y,3,1,good risk
103893,44,23830,m,married,3,3,monthly,y,5,1,bad loss
102579,23,23827,f,single,1,2,weekly,n,2,1,bad loss
101382,35,23825,f,married,1,1,weekly,y,2,2,good risk
101068,19,23816,f,married,1,0,monthly,y,1,2,bad loss
103295,45,23808,m,divsepwid,4,6,weekly,y,4,3,bad loss
103130,43,23805,f,divsepwid,2,5,weekly,n,4,3,bad loss
103127,43,23800,m,divsepwid,2,5,weekly,n,5,2,bad loss
103565,38,23788,m,divsepwid,4,5,weekly,n,4,2,bad loss
101936,25,23784,m,married,1,2,weekly,y,2,2,good risk
102101,20,23782,m,single,1,3,weekly,n,3,1,bad loss
104022,48,23775,f,married,3,3,weekly,y,5,2,bad loss
103889,44,23742,f,married,3,3,weekly,y,5,1,bad loss
103387,46,23732,f,divsepwid,2,6,weekly,n,4,2,bad loss
101213,32,23723,m,married,1,2,monthly,y,3,1,bad loss
102271,21,23715,f,single,0,1,weekly,y,3,1,bad loss
102887,40,23707,m,divsepwid,2,5,weekly,n,5,3,bad loss
103302,45,23705,f,divsepwid,3,6,weekly,n,3,3,bad loss
103553,48,23688,m,divsepwid,4,6,weekly,n,3,3,good risk
103762,37,23684,m,married,2,3,weekly,y,5,1,bad loss
102673,24,23656,m,single,1,2,weekly,n,1,1,bad loss
103890,44,23650,f,married,2,4,monthly,y,5,2,bad loss
104061,49,23648,f,married,3,4,weekly,y,4,2,bad loss
103378,46,23638,f,divsepwid,2,5,weekly,y,3,2,bad loss
103477,35,23637,m,divsepwid,4,5,weekly,y,3,3,good risk
103134,43,23636,m,divsepwid,3,5,weekly,n,3,3,good risk
103847,43,23627,f,married,3,4,monthly,y,4,1,bad loss
104025,31,23626,f,married,2,4,monthly,y,5,2,bad loss
100895,18,23626,m,married,2,2,monthly,y,3,1,bad loss
104024,48,23620,m,married,2,4,weekly,y,4,2,bad loss
103551,48,23618,f,divsepwid,4,5,weekly,n,4,3,bad loss
102571,23,23606,f,single,0,1,weekly,y,2,1,bad loss
103467,47,23590,m,divsepwid,4,6,weekly,n,4,2,good risk
104098,26,23587,m,married,2,3,monthly,y,4,1,bad loss
104097,50,23585,m,married,3,4,weekly,y,4,2,bad loss
101399,21,23570,f,married,2,0,monthly,y,2,2,bad loss
101658,23,23568,m,married,2,1,monthly,y,1,2,bad loss
103699,50,23565,f,divsepwid,2,6,weekly,y,4,3,good risk
102394,27,23558,f,single,0,1,weekly,y,2,1,good risk
101547,22,23552,f,married,1,1,weekly,y,1,2,bad loss
103701,50,23550,m,divsepwid,4,5,weekly,n,3,3,bad loss
103792,41,23546,f,married,2,4,weekly,y,5,1,bad loss
103391,46,23531,m,divsepwid,4,6,weekly,n,4,3,bad loss
103852,43,23528,m,married,2,3,monthly,y,5,2,bad loss
101691,23,23527,m,married,1,2,weekly,y,1,2,good risk
103057,42,23524,m,divsepwid,3,6,weekly,y,3,2,good risk
103784,41,23516,f,married,3,4,monthly,y,4,1,bad loss
103293,45,23511,f,divsepwid,4,5,weekly,y,3,2,bad loss
101686,28,23504,m,married,2,0,monthly,y,3,2,bad loss
103819,42,23490,f,married,2,4,weekly,y,4,2,bad loss
101981,25,23483,m,married,1,1,monthly,y,2,2,bad loss
101531,22,23464,f,married,1,0,monthly,y,1,2,bad loss
101244,33,23450,f,married,2,1,monthly,y,1,2,good risk
102978,41,23447,f,divsepwid,4,6,weekly,y,5,3,bad loss
102076,20,23429,m,single,0,2,monthly,y,1,1,bad loss
101109,19,23429,f,married,2,1,monthly,y,1,1,bad loss
103817,42,23414,m,married,3,3,monthly,y,4,2,bad loss
103136,43,23413,m,divsepwid,3,6,weekly,n,4,3,good risk
103386,46,23387,m,divsepwid,2,6,weekly,y,3,3,bad loss
101553,22,23386,m,married,1,1,weekly,y,1,2,bad loss
103562,48,23385,m,divsepwid,2,6,weekly,n,3,2,good risk
103219,31,23380,f,divsepwid,3,6,weekly,n,5,3,bad loss
103291,45,23372,f,divsepwid,3,5,weekly,y,5,2,bad loss
104060,49,23371,m,married,2,3,monthly,y,5,1,good risk
103210,44,23371,m,divsepwid,3,5,weekly,n,4,2,bad loss
103476,47,23365,m,divsepwid,3,6,weekly,n,4,3,bad loss
104096,50,23363,m,married,2,3,weekly,y,5,1,bad loss
103702,31,23345,f,divsepwid,4,5,weekly,n,5,3,good risk
101839,24,23339,m,married,1,2,weekly,y,2,1,bad loss
103288,45,23329,f,divsepwid,2,5,weekly,y,3,3,bad loss
103624,49,23323,m,divsepwid,2,5,weekly,n,5,3,bad loss
103056,30,23318,f,divsepwid,3,5,weekly,y,4,3,good risk
100918,18,23317,f,married,2,0,weekly,y,1,1,bad loss
103991,47,23299,m,married,2,3,monthly,y,5,1,bad loss
103221,44,23279,m,divsepwid,4,6,weekly,n,5,3,bad loss
103473,47,23263,f,divsepwid,2,6,weekly,y,4,3,good risk
104059,49,23251,m,married,2,3,monthly,y,4,1,bad loss
103464,47,23250,f,divsepwid,3,6,weekly,y,4,2,good risk
104099,50,23240,f,married,3,3,monthly,y,4,2,bad loss
104063,49,23240,f,married,2,4,weekly,y,5,1,bad loss
103630,49,23230,f,divsepwid,2,5,weekly,y,3,2,bad loss
103962,26,23229,m,married,3,3,monthly,y,4,2,bad loss
103300,45,23225,f,divsepwid,3,5,weekly,y,3,3,good risk
103463,47,23177,m,divsepwid,3,5,weekly,n,3,3,bad loss
101046,19,23163,f,married,1,1,weekly,y,3,1,bad loss
102894,40,23160,f,divsepwid,3,6,weekly,y,3,2,good risk
102420,22,23154,f,single,1,1,monthly,n,3,1,good risk
102578,23,23125,f,single,1,2,weekly,y,2,1,bad loss
102850,25,23119,m,single,0,3,weekly,y,2,1,bad loss
101979,32,23118,f,married,2,1,monthly,y,1,2,bad loss
101051,28,23090,m,married,2,2,weekly,y,1,1,bad loss
103924,45,23084,f,married,2,3,weekly,y,4,2,bad loss
103918,33,23060,m,married,2,4,weekly,y,5,1,bad loss
103051,42,23045,m,divsepwid,4,6,weekly,y,3,3,good risk
102109,20,23025,m,single,0,1,weekly,n,1,1,good risk
102812,25,23007,f,single,1,1,monthly,y,3,1,good risk
103475,29,23005,m,divsepwid,3,6,weekly,y,4,3,good risk
103615,37,22970,m,divsepwid,2,6,weekly,y,5,2,bad loss
102951,41,22962,f,divsepwid,3,6,weekly,n,3,3,bad loss
102136,21,22945,m,single,0,2,monthly,n,2,1,bad loss
103746,40,22930,f,married,3,4,weekly,y,5,1,bad loss
103808,33,22925,f,married,2,4,weekly,y,5,1,bad loss
101733,24,22923,f,married,2,1,weekly,y,1,2,bad loss
103810,42,22905,f,married,2,3,monthly,y,4,1,bad loss
101037,26,22884,f,married,2,0,monthly,y,3,2,bad loss
103359,35,22844,f,divsepwid,3,5,weekly,n,3,2,good risk
100817,18,22817,m,married,1,2,monthly,y,2,1,bad loss
102434,23,22816,f,single,1,2,weekly,n,2,1,bad loss
103205,44,22801,f,divsepwid,3,6,weekly,y,5,3,good risk
101476,22,22798,m,married,1,1,weekly,y,2,1,good risk
102955,41,22793,f,divsepwid,2,5,weekly,y,5,3,bad loss
103531,48,22760,m,divsepwid,2,5,weekly,y,4,3,bad loss
102664,37,22758,m,single,0,3,monthly,n,2,1,bad loss
103983,47,22756,m,married,3,4,monthly,y,4,1,bad loss
102947,41,22752,m,divsepwid,3,5,weekly,y,5,3,bad loss
103616,49,22742,f,divsepwid,2,6,weekly,y,5,3,bad loss
100887,18,22724,f,married,1,2,weekly,y,3,1,good risk
100821,18,22707,m,married,1,1,weekly,y,3,1,good risk
103031,42,22703,f,divsepwid,3,6,weekly,n,5,3,bad loss
101786,24,22677,f,married,1,0,weekly,y,2,1,good risk
102352,22,22659,m,single,1,3,weekly,n,3,1,bad loss
103035,42,22651,m,divsepwid,2,6,weekly,y,4,3,good risk
101150,20,22650,m,married,1,0,weekly,y,3,1,good risk
101482,36,22643,m,married,2,2,monthly,y,3,1,good risk
103878,44,22631,m,married,2,3,weekly,y,5,2,bad loss
101772,24,22593,m,married,1,2,weekly,y,3,1,bad loss
103444,38,22564,f,divsepwid,4,5,weekly,y,4,2,good risk
103915,45,22543,f,married,2,4,weekly,y,5,2,good risk
100981,19,22543,f,married,1,1,weekly,y,1,1,bad loss
103442,30,22525,f,divsepwid,3,6,weekly,n,3,3,bad loss
103108,43,22515,m,divsepwid,2,5,weekly,n,4,3,good risk
103446,47,22493,m,divsepwid,4,5,weekly,n,3,3,bad loss
102771,31,22489,f,single,1,1,monthly,n,1,1,bad loss
103841,43,22475,f,married,3,3,monthly,y,4,2,bad loss
100967,19,22466,m,married,1,0,weekly,y,2,2,good risk
103951,46,22450,m,married,3,4,weekly,y,4,1,bad loss
103750,40,22446,m,married,2,4,weekly,y,5,2,bad loss
103440,47,22444,m,divsepwid,3,6,weekly,y,4,2,bad loss
101611,27,22428,f,married,2,0,monthly,y,2,1,bad loss
101455,22,22426,m,married,2,2,weekly,y,2,1,bad loss
104051,49,22423,m,married,3,4,monthly,y,5,1,good risk
101178,20,22420,f,married,1,2,weekly,y,3,1,bad loss
102644,24,22383,m,single,0,1,monthly,y,1,1,bad loss
102014,35,22374,m,single,1,2,weekly,y,3,1,bad loss
102881,40,22357,f,divsepwid,2,6,weekly,y,5,2,bad loss
103439,47,22349,f,divsepwid,3,5,weekly,y,5,3,bad loss
103840,31,22349,f,married,3,3,monthly,y,4,1,bad loss
103370,46,22328,m,divsepwid,3,6,weekly,n,5,2,bad loss
102624,24,22323,m,single,0,3,weekly,n,1,1,bad loss
102964,41,22308,f,divsepwid,4,6,weekly,y,4,2,bad loss
103979,47,22296,f,married,3,4,weekly,y,4,2,bad loss
104053,49,22281,f,married,3,3,monthly,y,5,1,bad loss
103690,50,22238,f,divsepwid,4,5,weekly,n,4,3,good risk
103365,27,22228,f,divsepwid,2,5,weekly,n,3,2,bad loss
101165,20,22222,m,married,2,2,weekly,y,3,1,bad loss
101868,25,22218,m,married,1,2,weekly,y,1,1,bad loss
101433,22,22203,f,married,2,0,monthly,y,1,2,bad loss
101858,25,22154,m,married,1,1,weekly,y,2,2,bad loss
103744,40,22140,f,married,2,4,monthly,y,4,1,bad loss
104090,37,22109,f,married,3,4,monthly,y,5,2,bad loss
101465,22,22100,f,married,1,0,weekly,y,1,2,bad loss
103622,33,22091,f,divsepwid,4,6,weekly,y,4,2,good risk
103195,44,22091,f,divsepwid,3,6,weekly,y,4,3,good risk
103119,43,22087,m,divsepwid,3,6,weekly,y,4,3,bad loss
102196,21,22063,f,single,0,1,monthly,y,1,1,bad loss
103980,47,22058,f,married,3,4,monthly,y,5,2,bad loss
103356,46,22012,f,divsepwid,2,6,weekly,n,3,3,good risk
102746,25,22005,f,single,1,3,monthly,n,1,1,bad loss
101283,21,22002,m,married,1,1,weekly,y,1,2,bad loss
102876,40,21975,f,divsepwid,4,6,weekly,y,4,2,bad loss
100879,18,21960,f,married,2,2,weekly,y,1,2,bad loss
102880,40,21945,f,divsepwid,2,5,weekly,n,5,3,bad loss
103196,44,21938,f,divsepwid,3,6,weekly,n,3,3,bad loss
103781,41,21931,f,married,3,3,weekly,y,4,1,bad loss
101487,22,21914,m,married,1,1,weekly,y,1,1,bad loss
103451,47,21870,m,divsepwid,3,5,weekly,n,5,2,bad loss
103749,40,21835,f,married,3,3,weekly,y,5,2,bad loss
102289,22,21834,f,single,1,2,weekly,n,3,1,bad loss
103353,46,21827,f,divsepwid,2,5,weekly,y,5,3,bad loss
101462,22,21814,m,married,2,0,weekly,y,1,1,good risk
102329,22,21796,m,single,0,3,monthly,y,1,1,bad loss
103685,50,21782,m,divsepwid,4,6,weekly,y,4,3,bad loss
102960,41,21772,f,divsepwid,3,5,weekly,n,5,3,bad loss
101580,23,21761,m,married,1,1,weekly,y,1,1,good risk
103691,30,21737,f,divsepwid,4,5,weekly,n,5,2,bad loss
103954,46,21732,m,married,3,3,monthly,y,5,2,bad loss
103545,48,21726,m,divsepwid,4,6,weekly,n,5,2,bad loss
103982,47,21716,m,married,2,4,weekly,y,5,1,bad loss
101783,24,21702,f,married,2,2,monthly,y,1,2,bad loss
102184,34,21691,f,single,0,1,weekly,y,1,1,bad loss
103681,50,21685,m,divsepwid,2,5,weekly,n,4,3,bad loss
103981,47,21681,m,married,3,3,weekly,y,4,1,bad loss
102959,41,21663,f,divsepwid,3,5,weekly,y,3,2,good risk
103754,27,21663,f,married,3,4,monthly,y,4,1,bad loss
103953,36,21660,m,married,2,4,weekly,y,4,2,bad loss
101026,19,21652,f,married,2,1,monthly,y,2,1,good risk
102795,26,21610,m,single,1,1,monthly,y,1,1,bad loss
100977,19,21604,m,married,2,1,monthly,y,1,2,bad loss
103689,36,21560,m,divsepwid,3,6,weekly,y,4,2,good risk
104015,37,21537,f,married,2,4,weekly,y,5,2,bad loss
101320,21,21535,f,married,1,1,monthly,y,3,1,bad loss
103121,43,21527,f,divsepwid,4,5,weekly,y,5,3,good risk
102962,41,21520,m,divsepwid,4,5,weekly,y,5,2,bad loss
101458,22,21515,m,married,2,0,monthly,y,3,2,bad loss
104087,50,21498,f,married,2,4,monthly,y,5,1,bad loss
103748,40,21441,m,married,3,4,monthly,y,5,2,bad loss
102294,22,21421,f,single,0,2,monthly,n,2,1,bad loss
103612,33,21413,m,divsepwid,3,6,weekly,y,4,3,bad loss
102769,25,21403,m,single,0,3,monthly,y,1,1,bad loss
101906,25,21343,m,married,2,2,monthly,y,1,2,bad loss
103036,32,21337,f,divsepwid,3,5,weekly,n,3,3,good risk
103197,44,21329,f,divsepwid,4,5,weekly,n,5,2,good risk
103916,45,21320,f,married,2,3,monthly,y,5,1,bad loss
101166,20,21306,m,married,1,1,monthly,y,3,1,good risk
100975,19,21305,m,married,1,2,weekly,y,1,1,bad loss
101031,19,21294,f,married,1,0,monthly,y,1,2,good risk
103984,47,21290,f,married,3,4,monthly,y,5,2,bad loss
100962,19,21288,f,married,1,2,monthly,y,1,2,bad loss
102199,31,21284,m,single,0,3,weekly,n,1,1,good risk
103809,42,21247,m,married,2,4,weekly,y,5,2,bad loss
104088,50,21236,m,married,3,4,monthly,y,4,2,bad loss
103683,35,21204,f,divsepwid,4,5,weekly,n,4,3,bad loss
104092,50,21184,f,married,3,3,monthly,y,5,1,bad loss
101877,28,21175,m,married,1,0,weekly,y,3,1,good risk
102465,23,21167,m,single,1,3,weekly,y,2,1,good risk
103952,46,21157,f,married,3,3,monthly,y,5,2,bad loss
102744,29,21154,m,single,0,2,monthly,y,2,1,bad loss
103745,40,21132,f,married,2,3,weekly,y,5,1,good risk
103449,47,21127,f,divsepwid,2,5,weekly,n,3,3,good risk
101429,22,21120,f,married,2,0,monthly,y,2,2,good risk
103125,28,21092,m,divsepwid,4,6,weekly,n,4,2,bad loss
102035,20,21070,m,single,1,2,weekly,n,1,1,good risk
104089,50,21061,f,married,3,4,monthly,y,5,1,bad loss
103607,49,21056,f,divsepwid,2,5,weekly,y,3,3,good risk
101776,24,21049,m,married,2,1,weekly,y,3,1,good risk
100978,19,21026,f,married,2,2,monthly,y,3,1,bad loss
104019,48,21019,f,married,3,4,weekly,y,4,1,bad loss
101720,24,21007,f,married,1,0,monthly,y,1,1,good risk
104018,29,21002,f,married,2,3,weekly,y,4,2,bad loss
102009,20,20994,m,single,1,3,monthly,n,1,1,good risk
103913,,20992,m,married,3,4,monthly,y,5,2,bad loss
103879,44,20980,f,married,3,4,weekly,y,5,2,bad loss
101463,22,20959,m,married,2,1,weekly,y,3,1,bad loss
103109,43,20941,m,divsepwid,3,5,weekly,y,3,2,bad loss
101122,20,20890,m,married,1,0,weekly,y,3,2,good risk
102957,41,20880,m,divsepwid,2,6,weekly,y,5,3,bad loss
104016,48,20863,m,married,2,4,monthly,y,4,2,bad loss
102763,25,20837,m,single,1,2,monthly,n,1,1,bad loss
101914,25,20826,m,married,2,0,weekly,y,2,1,bad loss
102958,29,20807,m,divsepwid,2,6,weekly,n,5,2,bad loss
103877,44,20792,f,married,2,3,weekly,y,4,2,bad loss
103753,40,20789,f,married,3,4,weekly,y,5,2,bad loss
103978,47,20772,f,married,2,4,weekly,y,5,2,bad loss
100989,19,20760,f,married,2,2,weekly,y,3,1,bad loss
103198,44,20714,f,divsepwid,4,6,weekly,n,4,3,good risk
103034,42,20710,f,divsepwid,2,5,weekly,y,3,3,good risk
101144,20,20674,m,married,1,2,weekly,y,2,2,bad loss
101466,22,20668,m,married,1,1,monthly,y,1,2,bad loss
103842,43,20633,m,married,2,4,monthly,y,4,1,bad loss
103807,42,20621,m,married,2,4,weekly,y,4,2,bad loss
102945,26,20617,m,divsepwid,2,5,weekly,n,4,3,bad loss
103199,32,20609,f,divsepwid,2,5,weekly,y,4,2,bad loss
103752,40,20588,m,married,3,4,weekly,y,4,2,bad loss
101313,21,20581,m,married,1,1,weekly,y,3,1,bad loss
103950,46,20579,f,married,2,3,weekly,y,4,1,bad loss
104086,50,20572,f,married,2,4,weekly,y,5,1,bad loss
103747,40,20563,f,married,3,4,weekly,y,5,2,bad loss
102305,29,20509,f,single,1,2,monthly,n,2,1,good risk
103450,47,20501,m,divsepwid,3,5,weekly,y,5,3,good risk
103038,42,20495,f,divsepwid,4,5,weekly,y,3,2,good risk
102956,41,20482,f,divsepwid,2,5,weekly,n,5,2,good risk
101171,20,20478,m,married,2,2,weekly,y,2,1,bad loss
103845,36,20452,m,married,3,3,weekly,y,4,1,bad loss
101159,29,20444,f,married,1,2,monthly,y,3,1,bad loss
103780,41,20439,f,married,2,4,monthly,y,5,2,bad loss
100976,19,20427,f,married,2,0,monthly,y,2,2,bad loss
103117,43,20407,m,divsepwid,3,5,weekly,n,4,2,bad loss
103201,44,20383,m,divsepwid,2,5,weekly,n,3,2,good risk
101318,21,20375,m,married,2,1,monthly,y,3,1,bad loss
103114,43,20374,f,divsepwid,4,6,weekly,n,4,3,bad loss
103610,49,20364,m,divsepwid,2,6,weekly,y,5,2,bad loss
103448,47,20359,m,divsepwid,4,6,weekly,n,3,2,bad loss
101155,20,20322,f,married,1,0,monthly,y,3,1,bad loss
103539,48,20308,f,divsepwid,4,6,weekly,y,4,3,bad loss
103844,43,20300,m,married,3,4,monthly,y,4,1,bad loss
102343,38,20287,m,single,1,2,monthly,n,3,1,bad loss
100966,19,20287,m,married,1,0,monthly,y,3,2,bad loss
101456,22,20274,f,married,2,2,weekly,y,3,1,bad loss
104083,29,20269,m,married,2,4,weekly,y,4,1,bad loss
101346,21,20266,m,married,2,0,weekly,y,2,1,bad loss
103456,36,20254,f,divsepwid,4,5,weekly,n,5,2,good risk
102796,25,20242,m,single,1,1,weekly,n,1,1,bad loss
101170,20,20238,m,married,2,2,monthly,y,3,1,good risk
104085,50,20236,f,married,3,3,weekly,y,4,1,bad loss
103192,44,20194,m,divsepwid,2,6,weekly,y,5,3,good risk
103194,44,20184,m,divsepwid,3,6,weekly,y,3,3,bad loss
101478,34,20175,m,married,1,2,weekly,y,1,1,bad loss
102340,35,20161,f,single,0,1,monthly,n,2,1,bad loss
103873,44,20150,m,married,2,4,monthly,y,5,1,bad loss
103777,41,20117,f,married,2,3,monthly,y,4,2,bad loss
102882,40,20104,m,divsepwid,2,6,weekly,n,4,2,bad loss
102667,24,20104,m,single,1,3,weekly,n,3,1,bad loss
103536,48,20096,f,divsepwid,3,6,weekly,n,4,3,bad loss
103613,49,20082,m,divsepwid,4,6,weekly,n,5,2,good risk
103360,27,20069,f,divsepwid,3,6,weekly,n,5,3,bad loss
103535,48,20066,m,divsepwid,3,5,weekly,y,5,2,bad loss
101723,24,20024,f,married,1,1,monthly,y,3,1,bad loss
102878,40,20021,f,divsepwid,4,6,weekly,n,5,2,bad loss
103367,32,20013,f,divsepwid,3,6,weekly,y,3,2,good risk
104082,38,20000,m,married,3,4,monthly,y,5,1,bad loss
102870,40,19945,f,divsepwid,2,6,weekly,y,4,2,bad loss
103601,49,19863,f,divsepwid,2,5,weekly,n,4,3,bad loss
103020,42,19779,f,divsepwid,2,5,weekly,n,5,3,bad loss
103775,41,19705,m,married,2,4,monthly,y,4,2,bad loss
103027,42,19697,f,divsepwid,4,5,weekly,n,4,3,bad loss
103838,43,19696,f,married,3,3,weekly,y,5,2,bad loss
101276,21,19640,f,married,1,1,weekly,y,1,1,good risk
103191,27,19624,m,divsepwid,4,6,weekly,n,5,3,bad loss
103836,43,19599,f,married,2,3,monthly,y,5,2,bad loss
103186,44,19543,f,divsepwid,4,5,weekly,y,4,2,bad loss
103025,42,19457,m,divsepwid,3,5,weekly,y,5,3,bad loss
102936,41,19343,f,divsepwid,3,5,weekly,n,3,2,bad loss
104081,50,19288,f,married,2,4,monthly,y,4,1,bad loss
102130,21,19238,f,single,0,2,weekly,n,3,1,bad loss
103673,50,19077,m,divsepwid,2,5,weekly,n,3,2,good risk
103743,40,19013,f,married,3,4,monthly,y,4,1,bad loss
103876,44,18992,f,married,2,3,weekly,y,4,1,bad loss
103813,38,18981,m,married,3,4,monthly,y,4,2,bad loss
102060,20,18974,f,single,0,1,weekly,y,2,1,bad loss
103118,43,18958,m,divsepwid,3,5,weekly,n,4,3,good risk
103103,43,18947,f,divsepwid,2,6,weekly,n,4,2,bad loss
103606,28,18885,m,divsepwid,4,6,weekly,y,5,3,good risk
101592,37,18878,m,married,1,2,weekly,y,2,1,bad loss
103718,50,18860,m,divsepwid,4,6,weekly,y,3,2,good risk
102147,31,18846,m,single,0,2,monthly,n,1,1,bad loss
103837,31,18774,f,married,3,4,monthly,y,4,2,bad loss
104026,33,18749,m,married,2,3,monthly,y,5,1,bad loss
103640,49,18704,f,divsepwid,4,5,weekly,y,4,2,bad loss
103633,49,18664,f,divsepwid,3,5,weekly,y,3,3,bad loss
103804,42,18659,f,married,3,4,monthly,y,4,1,bad loss
103566,48,18628,m,divsepwid,4,6,weekly,y,3,2,bad loss
103308,32,18616,f,divsepwid,3,5,weekly,n,4,3,bad loss
104048,49,18586,m,married,2,4,weekly,y,5,2,bad loss
102553,23,18581,m,single,1,1,weekly,y,1,1,good risk
103058,42,18577,m,divsepwid,4,5,weekly,n,4,3,bad loss
103190,44,18576,m,divsepwid,4,6,weekly,n,5,2,bad loss
101625,23,18502,f,married,1,1,monthly,y,1,2,good risk
101143,20,18495,f,married,1,1,weekly,y,1,2,bad loss
103822,27,18488,m,married,2,4,monthly,y,5,2,bad loss
101849,24,18450,f,married,2,0,weekly,y,1,2,bad loss
103761,40,18441,f,married,2,3,weekly,y,4,1,bad loss
102898,40,18434,f,divsepwid,4,5,weekly,n,4,3,good risk
102900,28,18407,f,divsepwid,2,6,weekly,n,5,2,good risk
103986,47,18401,f,married,3,4,weekly,y,4,1,bad loss
103579,48,18396,m,divsepwid,4,5,weekly,y,3,2,bad loss
103812,35,18369,f,married,2,4,weekly,y,5,1,bad loss
103459,47,18351,m,divsepwid,2,5,weekly,y,4,2,good risk
103990,47,18305,m,married,2,4,weekly,y,5,2,bad loss
103755,40,18298,m,married,2,4,weekly,y,4,1,bad loss
103609,49,18284,m,divsepwid,2,6,weekly,y,4,2,good risk
103049,42,18282,f,divsepwid,3,6,weekly,y,5,2,bad loss
103967,27,18260,f,married,3,4,monthly,y,4,1,bad loss
103678,29,18257,m,divsepwid,3,5,weekly,y,4,2,bad loss
103363,46,18242,f,divsepwid,4,6,weekly,y,3,3,good risk
103309,27,18222,m,divsepwid,3,6,weekly,y,3,2,good risk
103349,27,18217,m,divsepwid,3,6,weekly,n,3,2,bad loss
103460,47,18211,m,divsepwid,2,5,weekly,y,5,2,bad loss
101844,24,18211,m,married,1,0,weekly,y,1,2,bad loss
103961,37,18202,f,married,2,3,weekly,y,5,2,bad loss
102843,25,18179,m,single,0,2,weekly,n,3,1,good risk
102871,40,18156,f,divsepwid,4,6,weekly,n,4,3,good risk
102097,20,18151,m,single,1,2,weekly,y,2,1,bad loss
101976,34,18143,m,married,1,0,weekly,y,2,2,bad loss
102869,40,18137,m,divsepwid,2,5,weekly,n,3,3,bad loss
103305,45,18120,f,divsepwid,4,5,weekly,n,5,2,good risk
101713,37,18105,f,married,2,1,weekly,y,3,2,bad loss
101984,20,18072,f,single,0,1,monthly,n,3,1,bad loss
102143,33,18052,m,single,1,1,monthly,y,2,1,bad loss
103872,44,18031,m,married,3,3,weekly,y,4,2,bad loss
103870,38,18025,f,married,2,4,monthly,y,4,1,bad loss
103368,46,18012,m,divsepwid,3,6,weekly,y,4,2,bad loss
103455,47,17989,f,divsepwid,4,5,weekly,n,4,3,bad loss
103277,45,17982,f,divsepwid,2,6,weekly,y,4,2,good risk
103776,34,17977,f,married,3,3,weekly,y,5,2,bad loss
103540,48,17975,f,divsepwid,4,6,weekly,n,5,2,bad loss
103976,26,17971,f,married,3,4,monthly,y,4,2,bad loss
103619,,17962,m,divsepwid,3,6,weekly,y,3,3,good risk
100961,33,17943,m,married,1,0,weekly,y,3,1,good risk
103712,38,17942,m,divsepwid,2,5,weekly,n,4,2,bad loss
102450,23,17917,m,single,0,1,monthly,y,2,1,bad loss
103188,44,17906,m,divsepwid,4,6,weekly,y,4,3,bad loss
103742,40,17892,m,married,3,4,weekly,y,4,2,bad loss
101724,,17891,f,married,1,1,weekly,y,1,2,good risk
102909,40,17888,f,divsepwid,3,6,weekly,y,3,3,bad loss
103602,49,17875,m,divsepwid,3,5,weekly,y,3,3,bad loss
104031,48,17864,f,married,3,3,weekly,y,5,1,bad loss
103529,48,17862,f,divsepwid,4,5,weekly,n,3,2,bad loss
102934,41,17862,m,divsepwid,2,6,weekly,y,3,3,bad loss
103396,46,17843,f,divsepwid,2,6,weekly,n,5,3,good risk
104093,50,17821,f,married,3,3,monthly,y,5,1,bad loss
103272,45,17791,f,divsepwid,4,5,weekly,n,5,2,bad loss
102409,22,17772,f,single,0,1,weekly,y,3,1,bad loss
102937,41,17729,f,divsepwid,4,5,weekly,y,3,2,good risk
104010,48,17705,m,married,2,3,weekly,y,4,2,bad loss
103138,43,17698,f,divsepwid,4,6,weekly,y,4,2,good risk
103805,42,17697,m,married,3,3,monthly,y,4,2,bad loss
103026,42,17680,f,divsepwid,4,5,weekly,y,4,2,bad loss
103107,26,17653,f,divsepwid,4,6,weekly,y,4,3,bad loss
103839,43,17641,f,married,2,4,weekly,y,4,1,bad loss
103849,43,17615,f,married,3,4,weekly,y,5,2,bad loss
101099,19,17611,f,married,1,2,weekly,y,2,2,bad loss
102310,22,17599,f,single,1,1,weekly,n,1,1,good risk
103082,42,17580,m,divsepwid,3,6,weekly,n,3,2,good risk
102068,20,17570,f,single,0,3,monthly,n,3,1,bad loss
103347,46,17567,f,divsepwid,2,6,weekly,n,4,2,good risk
102760,25,17535,m,single,1,3,weekly,n,1,1,bad loss
103024,33,17511,f,divsepwid,2,6,weekly,n,5,3,bad loss
103811,42,17492,m,married,3,4,monthly,y,5,1,bad loss
102884,27,17489,m,divsepwid,4,5,weekly,n,5,2,good risk
103758,26,17478,m,married,3,3,monthly,y,4,1,bad loss
103674,50,17457,f,divsepwid,2,5,weekly,n,3,3,bad loss
103912,45,17454,m,married,2,4,weekly,y,5,1,bad loss
103920,45,17446,f,married,2,3,weekly,y,5,1,bad loss
103286,45,17444,m,divsepwid,4,6,weekly,y,4,3,bad loss
103344,46,17430,f,divsepwid,2,5,weekly,y,4,2,bad loss
101856,25,17415,f,married,1,1,weekly,y,1,2,good risk
103987,27,17402,f,married,2,4,monthly,y,4,2,bad loss
104017,33,17353,m,married,2,3,weekly,y,4,1,bad loss
103823,42,17351,f,married,3,3,weekly,y,5,1,bad loss
103919,45,17319,f,married,2,4,weekly,y,5,2,bad loss
101574,37,17268,m,married,2,0,weekly,y,3,1,bad loss
102214,21,17254,m,single,0,1,weekly,n,1,1,bad loss
102281,22,17231,m,single,1,1,weekly,y,3,1,good risk
102736,25,17221,f,single,1,1,weekly,y,2,1,bad loss
103289,45,17204,f,divsepwid,2,5,weekly,n,5,3,bad loss
101657,23,17203,f,married,2,0,weekly,y,2,2,bad loss
104091,50,17192,f,married,3,3,weekly,y,5,2,bad loss
102246,32,17190,m,single,0,2,weekly,y,1,1,bad loss
103329,37,17179,f,divsepwid,3,6,weekly,y,4,3,good risk
103452,47,17154,m,divsepwid,4,5,weekly,y,5,2,bad loss
103023,42,17145,m,divsepwid,2,6,weekly,n,5,2,bad loss
103358,46,17143,m,divsepwid,3,5,weekly,y,4,3,good risk
104052,37,17101,f,married,3,3,weekly,y,4,2,bad loss
103022,37,17091,f,divsepwid,2,6,weekly,n,4,2,bad loss
103958,46,17088,f,married,2,4,weekly,y,5,2,bad loss
103629,49,17072,m,divsepwid,4,6,weekly,y,4,2,bad loss
101801,24,17065,m,married,2,0,monthly,y,1,1,bad loss
103478,47,17061,m,divsepwid,4,6,weekly,n,5,2,good risk
102287,22,17046,m,single,1,1,weekly,n,3,1,bad loss
103542,48,16984,f,divsepwid,3,5,weekly,n,3,3,bad loss
103129,43,16969,f,divsepwid,4,6,weekly,y,4,2,good risk
101780,24,16960,m,married,1,1,monthly,y,3,2,bad loss
102941,41,16952,f,divsepwid,4,6,weekly,y,3,3,bad loss
103796,41,16921,m,married,3,3,monthly,y,5,1,bad loss
103999,47,16874,f,married,3,3,weekly,y,5,1,bad loss
103423,34,16843,m,divsepwid,3,6,weekly,n,3,2,good risk
103375,32,16819,f,divsepwid,4,5,weekly,y,4,2,good risk
103815,29,16816,m,married,2,4,monthly,y,4,2,bad loss
103528,48,16779,f,divsepwid,4,5,weekly,y,3,2,bad loss
103151,43,16771,m,divsepwid,4,5,weekly,y,3,2,good risk
103706,50,16760,f,divsepwid,3,6,weekly,n,3,2,bad loss
103179,44,16753,f,divsepwid,2,6,weekly,y,3,2,bad loss
102939,41,16702,f,divsepwid,4,5,weekly,y,4,2,good risk
103580,48,16662,m,divsepwid,4,5,weekly,n,4,2,bad loss
103886,36,16636,f,married,3,3,monthly,y,5,2,bad loss
101702,23,16629,f,married,2,2,monthly,y,2,2,bad loss
103751,31,16628,f,married,2,3,weekly,y,4,1,bad loss
103688,50,16584,f,divsepwid,3,5,weekly,y,3,3,good risk
102799,25,16576,f,single,0,3,weekly,y,2,1,bad loss
102889,40,16552,m,divsepwid,4,6,weekly,y,4,2,good risk
102064,20,16551,m,single,1,3,weekly,y,2,1,bad loss
103390,46,16531,m,divsepwid,4,6,weekly,y,4,3,bad loss
102873,40,16523,m,divsepwid,3,6,weekly,y,4,2,bad loss
103806,42,16520,m,married,3,3,monthly,y,5,1,bad loss
100951,19,16520,m,married,2,0,monthly,y,3,2,good risk
104011,48,16504,f,married,2,3,monthly,y,4,2,bad loss
103881,44,16494,f,married,2,4,weekly,y,5,1,bad loss
103925,45,16492,m,married,3,4,weekly,y,4,2,bad loss
104109,50,16475,m,married,2,3,monthly,y,4,2,bad loss
103854,43,16473,f,married,2,3,monthly,y,5,2,bad loss
103778,32,16441,f,married,3,4,weekly,y,5,2,bad loss
103794,41,16434,f,married,2,3,monthly,y,4,2,bad loss
103635,33,16412,f,divsepwid,4,6,weekly,n,5,3,bad loss
103443,36,16382,m,divsepwid,4,5,weekly,y,3,3,bad loss
103843,43,16376,f,married,3,4,weekly,y,5,1,bad loss
103278,45,16356,m,divsepwid,3,6,weekly,y,4,3,bad loss
104012,48,16355,m,married,3,4,monthly,y,4,2,bad loss
104095,32,16331,f,married,2,4,monthly,y,5,1,bad loss
103381,46,16316,f,divsepwid,3,5,weekly,y,3,2,bad loss
103677,32,16272,f,divsepwid,3,5,weekly,y,3,3,bad loss
102885,29,16258,f,divsepwid,2,5,weekly,y,5,3,bad loss
103083,42,16252,m,divsepwid,3,6,weekly,n,3,3,good risk
103211,44,16211,f,divsepwid,3,5,weekly,n,5,3,good risk
103921,45,16178,m,married,3,4,monthly,y,5,1,bad loss
101711,24,16158,m,married,2,0,monthly,y,2,1,bad loss
102874,40,16156,m,divsepwid,3,6,weekly,y,5,3,bad loss
103527,48,16128,f,divsepwid,3,6,weekly,n,4,3,bad loss
103971,30,16090,m,married,3,3,weekly,y,5,2,bad loss
102290,22,16073,f,single,1,3,monthly,y,2,1,good risk
103101,43,16045,m,divsepwid,2,5,weekly,y,4,2,bad loss
101107,36,16007,f,married,2,0,weekly,y,2,1,bad loss
103779,41,15993,m,married,3,4,monthly,y,5,1,bad loss
102435,23,15987,f,single,1,3,weekly,y,3,1,good risk
102942,41,15984,m,divsepwid,4,6,weekly,y,4,3,bad loss
104057,49,15978,f,married,2,4,weekly,y,4,1,bad loss
102098,20,15966,f,single,1,2,weekly,y,3,1,bad loss
103355,46,15965,m,divsepwid,2,6,weekly,n,3,2,bad loss
101362,21,15929,f,married,1,1,monthly,y,2,2,good risk
103687,50,15926,m,divsepwid,2,5,weekly,y,5,3,bad loss
103030,42,15902,m,divsepwid,3,5,weekly,n,5,2,good risk
103524,48,15883,m,divsepwid,2,6,weekly,y,3,3,bad loss
103269,45,15848,f,divsepwid,2,5,weekly,y,3,2,bad loss
102906,40,15802,m,divsepwid,2,6,weekly,n,4,3,bad loss
104014,48,15800,m,married,3,3,weekly,y,4,2,bad loss
100002,25,15777,m,single,0,0,monthly,y,1,0,good risk
103486,47,15747,m,divsepwid,4,5,weekly,y,4,3,bad loss
103499,47,15743,m,divsepwid,2,5,weekly,n,4,3,good risk
100227,42,15646,f,single,0,0,monthly,y,1,0,good risk
103887,44,15628,m,married,2,4,monthly,y,5,1,bad loss
100947,19,15599,f,married,1,0,monthly,y,3,2,bad loss
102938,41,15590,f,divsepwid,4,5,weekly,y,3,3,bad loss
102979,41,15588,f,divsepwid,3,5,weekly,n,4,3,bad loss
103985,28,15518,f,married,2,4,weekly,y,4,2,bad loss
103917,26,15511,m,married,3,4,monthly,y,5,1,bad loss
103783,32,15504,f,married,2,4,monthly,y,4,2,bad loss
101116,20,15466,m,married,1,1,monthly,y,1,1,bad loss
101859,25,15441,f,married,1,1,weekly,y,3,1,good risk
100264,45,15430,f,single,0,0,monthly,y,1,0,good risk
104050,49,15422,m,married,2,3,monthly,y,4,2,bad loss
103972,46,15419,f,married,2,3,weekly,y,4,1,bad loss
102722,24,15410,f,single,0,2,monthly,n,1,1,good risk
102370,22,15409,m,single,0,3,monthly,n,1,1,good risk
103212,44,15394,f,divsepwid,3,6,weekly,y,5,2,bad loss
103617,49,15392,m,divsepwid,2,6,weekly,n,5,2,good risk
103882,44,15391,m,married,2,3,monthly,y,4,1,bad loss
100829,18,15377,f,married,1,2,weekly,y,2,2,good risk
103447,47,15366,f,divsepwid,4,5,weekly,n,5,3,bad loss
103345,37,15328,f,divsepwid,2,5,weekly,y,5,2,bad loss
103185,30,15311,f,divsepwid,3,6,weekly,n,4,3,bad loss
102995,41,15311,f,divsepwid,2,5,weekly,y,3,2,good risk
103046,42,15303,m,divsepwid,2,6,weekly,n,5,2,bad loss
103803,42,15299,m,married,2,3,weekly,y,4,2,bad loss
102872,40,15290,f,divsepwid,2,6,weekly,n,5,2,good risk
103102,43,15272,f,divsepwid,2,5,weekly,n,4,2,bad loss
103949,46,15268,m,married,2,4,monthly,y,4,1,bad loss
103294,45,15248,m,divsepwid,4,6,weekly,y,4,2,bad loss
102630,24,15196,f,single,1,1,weekly,y,1,1,bad loss
104023,48,15192,f,married,3,3,monthly,y,5,1,bad loss
100071,30,15185,f,single,0,1,monthly,y,1,0,good risk
102735,25,15175,m,single,0,2,weekly,n,1,1,good risk
103116,43,15170,f,divsepwid,2,5,weekly,n,4,2,good risk
103907,44,15143,f,married,2,3,weekly,y,5,2,bad loss
103445,47,15139,f,divsepwid,4,5,weekly,y,5,2,bad loss
103857,43,15138,m,married,3,3,monthly,y,5,1,bad loss
102967,30,15130,f,divsepwid,2,6,weekly,y,4,3,bad loss
103050,42,15117,m,divsepwid,3,6,weekly,n,5,3,good risk
103818,27,15106,f,married,3,3,monthly,y,5,2,bad loss
103846,43,15082,f,married,2,4,weekly,y,5,2,bad loss
102877,40,15075,f,divsepwid,4,6,weekly,n,4,3,bad loss
103471,27,15067,f,divsepwid,3,6,weekly,y,5,2,bad loss
103567,48,15056,m,divsepwid,4,6,weekly,n,4,2,good risk
102969,41,15046,m,divsepwid,3,6,weekly,n,5,2,bad loss
102584,24,15045,m,single,1,1,monthly,y,1,1,good risk